Tiempo (s) Serie Nº 1;Voltaje, Ch A (V) Serie Nº 1;Voltaje, Ch B (V) Serie Nº 1;Voltaje, Ch C (V) Serie Nº 1;Volum (cm³) Serie Nº 1;Pressió (kPa) Serie Nº 1;Temperatura (K) Serie Nº 1
0,000;1,025;0,947;4,517;214,22;102,54;299,21
0,005;1,030;0,947;4,517;214,22;103,03;299,21
0,010;1,025;0,942;4,517;214,22;102,54;298,90
0,015;1,030;0,942;4,517;214,22;103,03;298,90
0,020;1,025;0,942;4,517;214,22;102,54;298,90
0,025;1,030;0,947;4,517;214,22;103,03;299,21
0,030;1,030;0,942;4,517;214,22;103,03;298,90
0,035;1,030;0,947;4,517;214,22;103,03;299,21
0,040;1,030;0,947;4,517;214,22;103,03;299,21
0,045;1,025;0,942;4,517;214,22;102,54;298,90
0,050;1,030;0,942;4,517;214,22;103,03;298,90
0,055;1,025;0,947;4,517;214,22;102,54;299,21
0,060;1,025;0,947;4,517;214,22;102,54;299,21
0,065;1,030;0,942;4,517;214,22;103,03;298,90
0,070;1,025;0,947;4,526;214,52;102,54;299,21
0,075;1,030;0,947;4,517;214,22;103,03;299,21
0,080;1,025;0,947;4,507;213,91;102,54;299,21
0,085;1,030;0,942;4,517;214,22;103,03;298,90
0,090;1,025;0,947;4,517;214,22;102,54;299,21
0,095;1,030;0,942;4,517;214,22;103,03;298,90
0,100;1,025;0,947;4,517;214,22;102,54;299,21
0,105;1,030;0,947;4,517;214,22;103,03;299,21
0,110;1,030;0,942;4,517;214,22;103,03;298,90
0,115;1,030;0,942;4,517;214,22;103,03;298,90
0,120;1,030;0,942;4,517;214,22;103,03;298,90
0,125;1,025;0,942;4,517;214,22;102,54;298,90
0,130;1,030;0,947;4,517;214,22;103,03;299,21
0,135;1,025;0,942;4,521;214,37;102,54;298,90
0,140;1,030;0,942;4,517;214,22;103,03;298,90
0,145;1,030;0,947;4,517;214,22;103,03;299,21
0,150;1,030;0,947;4,517;214,22;103,03;299,21
0,155;1,030;0,947;4,517;214,22;103,03;299,21
0,160;1,025;0,942;4,517;214,22;102,54;298,90
0,165;1,030;0,947;4,512;214,07;103,03;299,21
0,170;1,025;0,947;4,512;214,07;102,54;299,21
0,175;1,030;0,942;4,521;214,37;103,03;298,90
0,180;1,025;0,947;4,512;214,07;102,54;299,21
0,185;1,030;0,947;4,517;214,22;103,03;299,21
0,190;1,030;0,947;4,521;214,37;103,03;299,21
0,195;1,030;0,947;4,517;214,22;103,03;299,21
0,200;1,030;0,947;4,536;214,83;103,03;299,21
0,205;1,025;0,947;4,517;214,22;102,54;299,21
0,210;1,030;0,947;4,502;213,76;103,03;299,21
0,215;1,025;0,947;4,517;214,22;102,54;299,21
0,220;1,030;0,947;4,512;214,07;103,03;299,21
0,225;1,025;0,942;4,517;214,22;102,54;298,90
0,230;1,030;0,942;4,517;214,22;103,03;298,90
0,235;1,030;0,947;4,517;214,22;103,03;299,21
0,240;1,030;0,942;4,517;214,22;103,03;298,90
0,245;1,030;0,942;4,517;214,22;103,03;298,90
0,250;1,025;0,942;4,517;214,22;102,54;298,90
0,255;1,030;0,942;4,517;214,22;103,03;298,90
0,260;1,030;0,947;4,517;214,22;103,03;299,21
0,265;1,030;0,942;4,517;214,22;103,03;298,90
0,270;1,030;0,947;4,517;214,22;103,03;299,21
0,275;1,030;0,942;4,517;214,22;103,03;298,90
0,280;1,030;0,942;4,517;214,22;103,03;298,90
0,285;1,025;0,947;4,517;214,22;102,54;299,21
0,290;1,030;0,942;4,517;214,22;103,03;298,90
0,295;1,030;0,947;4,517;214,22;103,03;299,21
0,300;1,035;0,937;4,517;214,22;103,52;298,58
0,305;1,030;0,942;4,517;214,22;103,03;298,90
0,310;1,025;0,947;4,517;214,22;102,54;299,21
0,315;1,030;0,942;4,512;214,07;103,03;298,90
0,320;1,025;0,942;4,517;214,22;102,54;298,90
0,325;1,030;0,942;4,517;214,22;103,03;298,90
0,330;1,025;0,957;4,517;214,22;102,54;299,85
0,335;1,030;0,942;4,517;214,22;103,03;298,90
0,340;1,030;0,947;4,517;214,22;103,03;299,21
0,345;1,030;0,942;4,517;214,22;103,03;298,90
0,350;1,030;0,947;4,517;214,22;103,03;299,21
0,355;1,025;0,947;4,517;214,22;102,54;299,21
0,360;1,030;0,947;4,517;214,22;103,03;299,21
0,365;1,025;0,947;4,517;214,22;102,54;299,21
0,370;1,030;0,942;4,517;214,22;103,03;298,90
0,375;1,030;0,947;4,517;214,22;103,03;299,21
0,380;1,030;0,942;4,517;214,22;103,03;298,90
0,385;1,030;0,942;4,517;214,22;103,03;298,90
0,390;1,030;0,942;4,517;214,22;103,03;298,90
0,395;1,030;0,947;4,517;214,22;103,03;299,21
0,400;1,025;0,947;4,517;214,22;102,54;299,21
0,405;1,030;0,947;4,517;214,22;103,03;299,21
0,410;1,030;0,947;4,517;214,22;103,03;299,21
0,415;1,030;0,947;4,517;214,22;103,03;299,21
0,420;1,030;0,947;4,512;214,07;103,03;299,21
0,425;1,025;0,942;4,512;214,07;102,54;298,90
0,430;1,030;0,947;4,512;214,07;103,03;299,21
0,435;1,025;0,947;4,517;214,22;102,54;299,21
0,440;1,030;0,947;4,512;214,07;103,03;299,21
0,445;1,030;0,947;4,517;214,22;103,03;299,21
0,450;1,030;0,947;4,517;214,22;103,03;299,21
0,455;1,030;0,947;4,517;214,22;103,03;299,21
0,460;1,030;0,942;4,517;214,22;103,03;298,90
0,465;1,030;0,942;4,512;214,07;103,03;298,90
0,470;1,025;0,947;4,512;214,07;102,54;299,21
0,475;1,030;0,942;4,512;214,07;103,03;298,90
0,480;1,030;0,947;4,517;214,22;103,03;299,21
0,485;1,030;0,947;4,512;214,07;103,03;299,21
0,490;1,030;0,942;4,517;214,22;103,03;298,90
0,495;1,025;0,947;4,517;214,22;102,54;299,21
0,500;1,030;0,947;4,512;214,07;103,03;299,21
0,505;1,025;0,942;4,517;214,22;102,54;298,90
0,510;1,030;0,942;4,512;214,07;103,03;298,90
0,515;1,030;0,947;4,512;214,07;103,03;299,21
0,520;1,030;0,942;4,517;214,22;103,03;298,90
0,525;1,030;0,947;4,517;214,22;103,03;299,21
0,530;1,030;0,942;4,512;214,07;103,03;298,90
0,535;1,030;0,947;4,517;214,22;103,03;299,21
0,540;1,025;0,942;4,512;214,07;102,54;298,90
0,545;1,030;0,942;4,512;214,07;103,03;298,90
0,550;1,030;0,947;4,512;214,07;103,03;299,21
0,555;1,030;0,947;4,512;214,07;103,03;299,21
0,560;1,030;0,947;4,517;214,22;103,03;299,21
0,565;1,030;0,942;4,512;214,07;103,03;298,90
0,570;1,035;0,947;4,507;213,91;103,52;299,21
0,575;1,025;0,947;4,512;214,07;102,54;299,21
0,580;1,030;0,942;4,512;214,07;103,03;298,90
0,585;1,030;0,942;4,517;214,22;103,03;298,90
0,590;1,030;0,942;4,512;214,07;103,03;298,90
0,595;1,030;0,942;4,517;214,22;103,03;298,90
0,600;1,030;0,947;4,512;214,07;103,03;299,21
0,605;1,030;0,947;4,512;214,07;103,03;299,21
0,610;1,030;0,942;4,512;214,07;103,03;298,90
0,615;1,030;0,942;4,512;214,07;103,03;298,90
0,620;1,025;0,947;4,517;214,22;102,54;299,21
0,625;1,030;0,942;4,512;214,07;103,03;298,90
0,630;1,025;0,947;4,492;213,46;102,54;299,21
0,635;1,030;0,947;4,512;214,07;103,03;299,21
0,640;1,030;0,947;4,512;214,07;103,03;299,21
0,645;1,030;0,947;4,512;214,07;103,03;299,21
0,650;1,030;0,947;4,512;214,07;103,03;299,21
0,655;1,025;0,947;4,517;214,22;102,54;299,21
0,660;1,030;0,947;4,517;214,22;103,03;299,21
0,665;1,030;0,947;4,517;214,22;103,03;299,21
0,670;1,030;0,942;4,512;214,07;103,03;298,90
0,675;1,025;0,947;4,512;214,07;102,54;299,21
0,680;1,035;0,947;4,512;214,07;103,52;299,21
0,685;1,030;0,947;4,517;214,22;103,03;299,21
0,690;1,025;0,947;4,507;213,91;102,54;299,21
0,695;1,030;0,947;4,512;214,07;103,03;299,21
0,700;1,025;0,947;4,521;214,37;102,54;299,21
0,705;1,030;0,942;4,512;214,07;103,03;298,90
0,710;1,030;0,947;4,512;214,07;103,03;299,21
0,715;1,030;0,947;4,517;214,22;103,03;299,21
0,720;1,030;0,942;4,517;214,22;103,03;298,90
0,725;1,025;0,942;4,517;214,22;102,54;298,90
0,730;1,030;0,937;4,512;214,07;103,03;298,58
0,735;1,025;0,947;4,517;214,22;102,54;299,21
0,740;1,030;0,947;4,512;214,07;103,03;299,21
0,745;1,030;0,947;4,512;214,07;103,03;299,21
0,750;1,030;0,947;4,517;214,22;103,03;299,21
0,755;1,030;0,952;4,512;214,07;103,03;299,53
0,760;1,030;0,942;4,517;214,22;103,03;298,90
0,765;1,030;0,942;4,512;214,07;103,03;298,90
0,770;1,025;0,947;4,512;214,07;102,54;299,21
0,775;1,030;0,942;4,512;214,07;103,03;298,90
0,780;1,025;0,947;4,502;213,76;102,54;299,21
0,785;1,030;0,947;4,521;214,37;103,03;299,21
0,790;1,030;0,947;4,517;214,22;103,03;299,21
0,795;1,030;0,942;4,512;214,07;103,03;298,90
0,800;1,025;0,947;4,512;214,07;102,54;299,21
0,805;1,030;0,947;4,512;214,07;103,03;299,21
0,810;1,030;0,942;4,512;214,07;103,03;298,90
0,815;1,030;0,947;4,517;214,22;103,03;299,21
0,820;1,030;0,957;4,512;214,07;103,03;299,85
0,825;1,030;0,947;4,512;214,07;103,03;299,21
0,830;1,030;0,942;4,512;214,07;103,03;298,90
0,835;1,030;0,947;4,517;214,22;103,03;299,21
0,840;1,030;0,947;4,507;213,91;103,03;299,21
0,845;1,030;0,947;4,512;214,07;103,03;299,21
0,850;1,030;0,942;4,517;214,22;103,03;298,90
0,855;1,030;0,947;4,512;214,07;103,03;299,21
0,860;1,025;0,947;4,517;214,22;102,54;299,21
0,865;1,030;0,947;4,512;214,07;103,03;299,21
0,870;1,030;0,947;4,512;214,07;103,03;299,21
0,875;1,030;0,942;4,512;214,07;103,03;298,90
0,880;1,030;0,947;4,531;214,68;103,03;299,21
0,885;1,030;0,942;4,512;214,07;103,03;298,90
0,890;1,030;0,947;4,512;214,07;103,03;299,21
0,895;1,025;0,942;4,517;214,22;102,54;298,90
0,900;1,030;0,942;4,517;214,22;103,03;298,90
0,905;1,030;0,947;4,512;214,07;103,03;299,21
0,910;1,030;0,942;4,517;214,22;103,03;298,90
0,915;1,030;0,947;4,512;214,07;103,03;299,21
0,920;1,030;0,937;4,512;214,07;103,03;298,58
0,925;1,030;0,947;4,512;214,07;103,03;299,21
0,930;1,025;0,947;4,517;214,22;102,54;299,21
0,935;1,030;0,942;4,512;214,07;103,03;298,90
0,940;1,030;0,947;4,517;214,22;103,03;299,21
0,945;1,030;0,947;4,512;214,07;103,03;299,21
0,950;1,030;0,947;4,517;214,22;103,03;299,21
0,955;1,030;0,947;4,517;214,22;103,03;299,21
0,960;1,035;0,947;4,512;214,07;103,52;299,21
0,965;1,025;0,947;4,517;214,22;102,54;299,21
0,970;1,030;0,942;4,512;214,07;103,03;298,90
0,975;1,030;0,947;4,512;214,07;103,03;299,21
0,980;1,030;0,942;4,517;214,22;103,03;298,90
0,985;1,030;0,942;4,517;214,22;103,03;298,90
0,990;1,030;0,942;4,517;214,22;103,03;298,90
0,995;1,030;0,947;4,512;214,07;103,03;299,21
1,000;1,025;0,942;4,517;214,22;102,54;298,90
1,005;1,030;0,947;4,512;214,07;103,03;299,21
1,010;1,030;0,947;4,517;214,22;103,03;299,21
1,015;1,030;0,947;4,517;214,22;103,03;299,21
1,020;1,030;0,947;4,517;214,22;103,03;299,21
1,025;1,030;0,942;4,512;214,07;103,03;298,90
1,030;1,030;0,947;4,517;214,22;103,03;299,21
1,035;1,025;0,947;4,517;214,22;102,54;299,21
1,040;1,030;0,947;4,512;214,07;103,03;299,21
1,045;1,030;0,947;4,517;214,22;103,03;299,21
1,050;1,030;0,947;4,517;214,22;103,03;299,21
1,055;1,030;0,947;4,517;214,22;103,03;299,21
1,060;1,030;0,947;4,512;214,07;103,03;299,21
1,065;1,030;0,947;4,512;214,07;103,03;299,21
1,070;1,025;0,947;4,512;214,07;102,54;299,21
1,075;1,030;0,942;4,512;214,07;103,03;298,90
1,080;1,025;0,947;4,512;214,07;102,54;299,21
1,085;1,030;0,942;4,517;214,22;103,03;298,90
1,090;1,030;0,947;4,517;214,22;103,03;299,21
1,095;1,025;0,942;4,517;214,22;102,54;298,90
1,100;1,030;0,942;4,512;214,07;103,03;298,90
1,105;1,025;0,947;4,517;214,22;102,54;299,21
1,110;1,030;0,942;4,512;214,07;103,03;298,90
1,115;1,030;0,947;4,517;214,22;103,03;299,21
1,120;1,030;0,942;4,531;214,68;103,03;298,90
1,125;1,030;0,947;4,517;214,22;103,03;299,21
1,130;1,030;0,947;4,517;214,22;103,03;299,21
1,135;1,030;0,942;4,512;214,07;103,03;298,90
1,140;1,025;0,947;4,512;214,07;102,54;299,21
1,145;1,030;0,942;4,517;214,22;103,03;298,90
1,150;1,030;0,947;4,512;214,07;103,03;299,21
1,155;1,030;0,942;4,512;214,07;103,03;298,90
1,160;1,030;0,942;4,512;214,07;103,03;298,90
1,165;1,025;0,942;4,512;214,07;102,54;298,90
1,170;1,030;0,942;4,512;214,07;103,03;298,90
1,175;1,030;0,947;4,512;214,07;103,03;299,21
1,180;1,025;0,942;4,517;214,22;102,54;298,90
1,185;1,030;0,942;4,512;214,07;103,03;298,90
1,190;1,035;0,942;4,517;214,22;103,52;298,90
1,195;1,030;0,947;4,512;214,07;103,03;299,21
1,200;1,025;0,947;4,512;214,07;102,54;299,21
1,205;1,030;0,942;4,512;214,07;103,03;298,90
1,210;1,025;0,947;4,517;214,22;102,54;299,21
1,215;1,030;0,942;4,517;214,22;103,03;298,90
1,220;1,030;0,942;4,517;214,22;103,03;298,90
1,225;1,030;0,947;4,512;214,07;103,03;299,21
1,230;1,030;0,952;4,512;214,07;103,03;299,53
1,235;1,025;0,947;4,517;214,22;102,54;299,21
1,240;1,030;0,942;4,512;214,07;103,03;298,90
1,245;1,030;0,947;4,517;214,22;103,03;299,21
1,250;1,030;0,947;4,497;213,61;103,03;299,21
1,255;1,030;0,942;4,517;214,22;103,03;298,90
1,260;1,025;0,942;4,517;214,22;102,54;298,90
1,265;1,030;0,942;4,517;214,22;103,03;298,90
1,270;1,030;0,942;4,517;214,22;103,03;298,90
1,275;1,030;0,942;4,517;214,22;103,03;298,90
1,280;1,030;0,947;4,512;214,07;103,03;299,21
1,285;1,030;0,947;4,517;214,22;103,03;299,21
1,290;1,035;0,947;4,512;214,07;103,52;299,21
1,295;1,025;0,942;4,512;214,07;102,54;298,90
1,300;1,030;0,947;4,512;214,07;103,03;299,21
1,305;1,025;0,942;4,517;214,22;102,54;298,90
1,310;1,030;0,942;4,512;214,07;103,03;298,90
1,315;1,030;0,947;4,517;214,22;103,03;299,21
1,320;1,030;0,947;4,517;214,22;103,03;299,21
1,325;1,030;0,947;4,517;214,22;103,03;299,21
1,330;1,030;0,937;4,517;214,22;103,03;298,58
1,335;1,030;0,947;4,512;214,07;103,03;299,21
1,340;1,025;0,937;4,517;214,22;102,54;298,58
1,345;1,030;0,947;4,512;214,07;103,03;299,21
1,350;1,030;0,947;4,512;214,07;103,03;299,21
1,355;1,030;0,942;4,512;214,07;103,03;298,90
1,360;1,030;0,947;4,512;214,07;103,03;299,21
1,365;1,030;0,937;4,512;214,07;103,03;298,58
1,370;1,030;0,942;4,517;214,22;103,03;298,90
1,375;1,025;0,947;4,517;214,22;102,54;299,21
1,380;1,030;0,947;4,502;213,76;103,03;299,21
1,385;1,030;0,947;4,521;214,37;103,03;299,21
1,390;1,030;0,947;4,507;213,91;103,03;299,21
1,395;1,030;0,947;4,531;214,68;103,03;299,21
1,400;1,025;0,942;4,521;214,37;102,54;298,90
1,405;1,030;0,947;4,512;214,07;103,03;299,21
1,410;1,025;0,947;4,517;214,22;102,54;299,21
1,415;1,030;0,942;4,512;214,07;103,03;298,90
1,420;1,025;0,947;4,517;214,22;102,54;299,21
1,425;1,030;0,942;4,512;214,07;103,03;298,90
1,430;1,030;0,947;4,517;214,22;103,03;299,21
1,435;1,025;0,942;4,517;214,22;102,54;298,90
1,440;1,030;0,942;4,512;214,07;103,03;298,90
1,445;1,025;0,942;4,517;214,22;102,54;298,90
1,450;1,030;0,947;4,512;214,07;103,03;299,21
1,455;1,030;0,947;4,517;214,22;103,03;299,21
1,460;1,030;0,947;4,517;214,22;103,03;299,21
1,465;1,030;0,947;4,512;214,07;103,03;299,21
1,470;1,025;0,942;4,517;214,22;102,54;298,90
1,475;1,030;0,942;4,517;214,22;103,03;298,90
1,480;1,030;0,947;4,512;214,07;103,03;299,21
1,485;1,030;0,947;4,512;214,07;103,03;299,21
1,490;1,030;0,947;4,517;214,22;103,03;299,21
1,495;1,030;0,942;4,517;214,22;103,03;298,90
1,500;1,030;0,947;4,502;213,76;103,03;299,21
1,505;1,030;0,942;4,512;214,07;103,03;298,90
1,510;1,030;0,947;4,512;214,07;103,03;299,21
1,515;1,030;0,947;4,517;214,22;103,03;299,21
1,520;1,030;0,942;4,517;214,22;103,03;298,90
1,525;1,030;0,947;4,517;214,22;103,03;299,21
1,530;1,030;0,942;4,517;214,22;103,03;298,90
1,535;1,030;0,947;4,512;214,07;103,03;299,21
1,540;1,025;0,937;4,517;214,22;102,54;298,58
1,545;1,030;0,942;4,512;214,07;103,03;298,90
1,550;1,030;0,942;4,517;214,22;103,03;298,90
1,555;1,030;0,942;4,512;214,07;103,03;298,90
1,560;1,030;0,947;4,517;214,22;103,03;299,21
1,565;1,030;0,947;4,512;214,07;103,03;299,21
1,570;1,030;0,942;4,517;214,22;103,03;298,90
1,575;1,030;0,947;4,512;214,07;103,03;299,21
1,580;1,025;0,942;4,512;214,07;102,54;298,90
1,585;1,030;0,947;4,517;214,22;103,03;299,21
1,590;1,030;0,942;4,517;214,22;103,03;298,90
1,595;1,030;0,942;4,517;214,22;103,03;298,90
1,600;1,030;0,942;4,517;214,22;103,03;298,90
1,605;1,030;0,947;4,512;214,07;103,03;299,21
1,610;1,025;0,947;4,512;214,07;102,54;299,21
1,615;1,030;0,947;4,512;214,07;103,03;299,21
1,620;1,030;0,947;4,512;214,07;103,03;299,21
1,625;1,030;0,942;4,517;214,22;103,03;298,90
1,630;1,030;0,947;4,517;214,22;103,03;299,21
1,635;1,030;0,947;4,512;214,07;103,03;299,21
1,640;1,030;0,947;4,512;214,07;103,03;299,21
1,645;1,025;0,947;4,517;214,22;102,54;299,21
1,650;1,030;0,947;4,512;214,07;103,03;299,21
1,655;1,025;0,942;4,517;214,22;102,54;298,90
1,660;1,030;0,947;4,517;214,22;103,03;299,21
1,665;1,030;0,947;4,512;214,07;103,03;299,21
1,670;1,030;0,942;4,512;214,07;103,03;298,90
1,675;1,035;0,947;4,512;214,07;103,52;299,21
1,680;1,025;0,947;4,517;214,22;102,54;299,21
1,685;1,030;0,942;4,512;214,07;103,03;298,90
1,690;1,025;0,947;4,517;214,22;102,54;299,21
1,695;1,030;0,947;4,517;214,22;103,03;299,21
1,700;1,030;0,947;4,517;214,22;103,03;299,21
1,705;1,030;0,942;4,517;214,22;103,03;298,90
1,710;1,030;0,947;4,517;214,22;103,03;299,21
1,715;1,025;0,947;4,517;214,22;102,54;299,21
1,720;1,030;0,942;4,512;214,07;103,03;298,90
1,725;1,030;0,947;4,512;214,07;103,03;299,21
1,730;1,030;0,942;4,517;214,22;103,03;298,90
1,735;1,030;0,947;4,517;214,22;103,03;299,21
1,740;1,030;0,947;4,517;214,22;103,03;299,21
1,745;1,030;0,947;4,512;214,07;103,03;299,21
1,750;1,025;0,942;4,517;214,22;102,54;298,90
1,755;1,030;0,947;4,512;214,07;103,03;299,21
1,760;1,025;0,947;4,517;214,22;102,54;299,21
1,765;1,030;0,947;4,512;214,07;103,03;299,21
1,770;1,030;0,947;4,512;214,07;103,03;299,21
1,775;1,030;0,942;4,512;214,07;103,03;298,90
1,780;1,030;0,942;4,517;214,22;103,03;298,90
1,785;1,025;0,942;4,517;214,22;102,54;298,90
1,790;1,035;0,942;4,512;214,07;103,52;298,90
1,795;1,025;0,947;4,517;214,22;102,54;299,21
1,800;1,030;0,942;4,512;214,07;103,03;298,90
1,805;1,030;0,947;4,512;214,07;103,03;299,21
1,810;1,030;0,947;4,512;214,07;103,03;299,21
1,815;1,030;0,947;4,517;214,22;103,03;299,21
1,820;1,025;0,947;4,512;214,07;102,54;299,21
1,825;1,030;0,942;4,517;214,22;103,03;298,90
1,830;1,025;0,937;4,512;214,07;102,54;298,58
1,835;1,030;0,942;4,512;214,07;103,03;298,90
1,840;1,030;0,947;4,512;214,07;103,03;299,21
1,845;1,030;0,947;4,517;214,22;103,03;299,21
1,850;1,030;0,942;4,517;214,22;103,03;298,90
1,855;1,030;0,947;4,517;214,22;103,03;299,21
1,860;1,030;0,947;4,507;213,91;103,03;299,21
1,865;1,025;0,942;4,517;214,22;102,54;298,90
1,870;1,030;0,942;4,502;213,76;103,03;298,90
1,875;1,025;0,942;4,517;214,22;102,54;298,90
1,880;1,030;0,942;4,521;214,37;103,03;298,90
1,885;1,025;0,947;4,517;214,22;102,54;299,21
1,890;1,030;0,942;4,517;214,22;103,03;298,90
1,895;1,030;0,947;4,517;214,22;103,03;299,21
1,900;1,025;0,947;4,517;214,22;102,54;299,21
1,905;1,030;0,942;4,512;214,07;103,03;298,90
1,910;1,021;0,947;4,517;214,22;102,05;299,21
1,915;1,030;0,947;4,517;214,22;103,03;299,21
1,920;1,030;0,947;4,512;214,07;103,03;299,21
1,925;1,030;0,942;4,517;214,22;103,03;298,90
1,930;1,030;0,947;4,512;214,07;103,03;299,21
1,935;1,025;0,947;4,512;214,07;102,54;299,21
1,940;1,035;0,942;4,512;214,07;103,52;298,90
1,945;1,030;0,952;4,517;214,22;103,03;299,53
1,950;1,030;0,937;4,512;214,07;103,03;298,58
1,955;1,030;0,957;4,512;214,07;103,03;299,85
1,960;1,030;0,947;4,517;214,22;103,03;299,21
1,965;1,030;0,947;4,517;214,22;103,03;299,21
1,970;1,030;0,947;4,517;214,22;103,03;299,21
1,975;1,030;0,947;4,512;214,07;103,03;299,21
1,980;1,030;0,947;4,517;214,22;103,03;299,21
1,985;1,030;0,947;4,517;214,22;103,03;299,21
1,990;1,030;0,947;4,536;214,83;103,03;299,21
1,995;1,030;0,947;4,512;214,07;103,03;299,21
2,000;1,030;0,947;4,512;214,07;103,03;299,21
2,005;1,025;0,942;4,512;214,07;102,54;298,90
2,010;1,030;0,942;4,512;214,07;103,03;298,90
2,015;1,030;0,942;4,512;214,07;103,03;298,90
2,020;1,030;0,942;4,512;214,07;103,03;298,90
2,025;1,030;0,947;4,517;214,22;103,03;299,21
2,030;1,030;0,942;4,517;214,22;103,03;298,90
2,035;1,030;0,947;4,517;214,22;103,03;299,21
2,040;1,035;0,947;4,512;214,07;103,52;299,21
2,045;1,030;0,942;4,512;214,07;103,03;298,90
2,050;1,030;0,942;4,517;214,22;103,03;298,90
2,055;1,030;0,947;4,512;214,07;103,03;299,21
2,060;1,030;0,937;4,517;214,22;103,03;298,58
2,065;1,030;0,947;4,517;214,22;103,03;299,21
2,070;1,030;0,947;4,512;214,07;103,03;299,21
2,075;1,025;0,947;4,517;214,22;102,54;299,21
2,080;1,030;0,942;4,512;214,07;103,03;298,90
2,085;1,030;0,942;4,512;214,07;103,03;298,90
2,090;1,030;0,947;4,517;214,22;103,03;299,21
2,095;1,030;0,947;4,512;214,07;103,03;299,21
2,100;1,030;0,942;4,512;214,07;103,03;298,90
2,105;1,030;0,947;4,512;214,07;103,03;299,21
2,110;1,025;0,942;4,512;214,07;102,54;298,90
2,115;1,030;0,942;4,517;214,22;103,03;298,90
2,120;1,030;0,947;4,512;214,07;103,03;299,21
2,125;1,030;0,947;4,512;214,07;103,03;299,21
2,130;1,030;0,947;4,512;214,07;103,03;299,21
2,135;1,030;0,942;4,517;214,22;103,03;298,90
2,140;1,030;0,947;4,517;214,22;103,03;299,21
2,145;1,025;0,942;4,517;214,22;102,54;298,90
2,150;1,030;0,947;4,512;214,07;103,03;299,21
2,155;1,030;0,942;4,517;214,22;103,03;298,90
2,160;1,030;0,947;4,531;214,68;103,03;299,21
2,165;1,030;0,947;4,512;214,07;103,03;299,21
2,170;1,030;0,947;4,517;214,22;103,03;299,21
2,175;1,030;0,942;4,517;214,22;103,03;298,90
2,180;1,030;0,947;4,517;214,22;103,03;299,21
2,185;1,030;0,947;4,512;214,07;103,03;299,21
2,190;1,025;0,942;4,517;214,22;102,54;298,90
2,195;1,030;0,942;4,512;214,07;103,03;298,90
2,200;1,030;0,957;4,517;214,22;103,03;299,85
2,205;1,030;0,942;4,517;214,22;103,03;298,90
2,210;1,030;0,947;4,512;214,07;103,03;299,21
2,215;1,030;0,942;4,512;214,07;103,03;298,90
2,220;1,030;0,947;4,512;214,07;103,03;299,21
2,225;1,030;0,942;4,517;214,22;103,03;298,90
2,230;1,030;0,947;4,512;214,07;103,03;299,21
2,235;1,030;0,947;4,517;214,22;103,03;299,21
2,240;1,030;0,942;4,512;214,07;103,03;298,90
2,245;1,030;0,947;4,517;214,22;103,03;299,21
2,250;1,025;0,942;4,517;214,22;102,54;298,90
2,255;1,030;0,947;4,512;214,07;103,03;299,21
2,260;1,025;0,947;4,517;214,22;102,54;299,21
2,265;1,030;0,947;4,512;214,07;103,03;299,21
2,270;1,030;0,947;4,517;214,22;103,03;299,21
2,275;1,030;0,942;4,517;214,22;103,03;298,90
2,280;1,030;0,947;4,512;214,07;103,03;299,21
2,285;1,030;0,947;4,517;214,22;103,03;299,21
2,290;1,030;0,942;4,512;214,07;103,03;298,90
2,295;1,025;0,942;4,517;214,22;102,54;298,90
2,300;1,030;0,942;4,517;214,22;103,03;298,90
2,305;1,030;0,947;4,517;214,22;103,03;299,21
2,310;1,030;0,942;4,512;214,07;103,03;298,90
2,315;1,030;0,947;4,517;214,22;103,03;299,21
2,320;1,025;0,947;4,512;214,07;102,54;299,21
2,325;1,030;0,942;4,512;214,07;103,03;298,90
2,330;1,030;0,947;4,517;214,22;103,03;299,21
2,335;1,030;0,942;4,512;214,07;103,03;298,90
2,340;1,030;0,933;4,517;214,22;103,03;298,26
2,345;1,030;0,942;4,517;214,22;103,03;298,90
2,350;1,030;0,947;4,512;214,07;103,03;299,21
2,355;1,030;0,947;4,512;214,07;103,03;299,21
2,360;1,030;0,947;4,502;213,76;103,03;299,21
2,365;1,030;0,947;4,517;214,22;103,03;299,21
2,370;1,030;0,942;4,512;214,07;103,03;298,90
2,375;1,030;0,947;4,517;214,22;103,03;299,21
2,380;1,030;0,947;4,512;214,07;103,03;299,21
2,385;1,030;0,947;4,512;214,07;103,03;299,21
2,390;1,025;0,947;4,512;214,07;102,54;299,21
2,395;1,030;0,942;4,512;214,07;103,03;298,90
2,400;1,030;0,947;4,512;214,07;103,03;299,21
2,405;1,030;0,942;4,517;214,22;103,03;298,90
2,410;1,030;0,947;4,517;214,22;103,03;299,21
2,415;1,030;0,942;4,517;214,22;103,03;298,90
2,420;1,030;0,947;4,517;214,22;103,03;299,21
2,425;1,025;0,947;4,517;214,22;102,54;299,21
2,430;1,030;0,942;4,512;214,07;103,03;298,90
2,435;1,030;0,947;4,512;214,07;103,03;299,21
2,440;1,030;0,947;4,517;214,22;103,03;299,21
2,445;1,030;0,947;4,512;214,07;103,03;299,21
2,450;1,030;0,957;4,517;214,22;103,03;299,85
2,455;1,030;0,942;4,517;214,22;103,03;298,90
2,460;1,030;0,947;4,517;214,22;103,03;299,21
2,465;1,030;0,942;4,512;214,07;103,03;298,90
2,470;1,030;0,947;4,517;214,22;103,03;299,21
2,475;1,030;0,947;4,517;214,22;103,03;299,21
2,480;1,030;0,947;4,512;214,07;103,03;299,21
2,485;1,025;0,947;4,517;214,22;102,54;299,21
2,490;1,030;0,942;4,517;214,22;103,03;298,90
2,495;1,030;0,947;4,512;214,07;103,03;299,21
2,500;1,030;0,947;4,512;214,07;103,03;299,21
2,505;1,030;0,947;4,517;214,22;103,03;299,21
2,510;1,030;0,942;4,512;214,07;103,03;298,90
2,515;1,035;0,942;4,517;214,22;103,52;298,90
2,520;1,025;0,947;4,517;214,22;102,54;299,21
2,525;1,030;0,942;4,512;214,07;103,03;298,90
2,530;1,030;0,947;4,517;214,22;103,03;299,21
2,535;1,030;0,942;4,512;214,07;103,03;298,90
2,540;1,030;0,942;4,512;214,07;103,03;298,90
2,545;1,025;0,947;4,512;214,07;102,54;299,21
2,550;1,030;0,937;4,512;214,07;103,03;298,58
2,555;1,030;0,947;4,512;214,07;103,03;299,21
2,560;1,030;0,947;4,512;214,07;103,03;299,21
2,565;1,030;0,947;4,512;214,07;103,03;299,21
2,570;1,030;0,947;4,512;214,07;103,03;299,21
2,575;1,035;0,947;4,512;214,07;103,52;299,21
2,580;1,030;0,942;4,512;214,07;103,03;298,90
2,585;1,030;0,947;4,512;214,07;103,03;299,21
2,590;1,030;0,947;4,502;213,76;103,03;299,21
2,595;1,030;0,942;4,517;214,22;103,03;298,90
2,600;1,030;0,942;4,502;213,76;103,03;298,90
2,605;1,030;0,942;4,512;214,07;103,03;298,90
2,610;1,030;0,947;4,512;214,07;103,03;299,21
2,615;1,030;0,947;4,517;214,22;103,03;299,21
2,620;1,030;0,942;4,517;214,22;103,03;298,90
2,625;1,030;0,947;4,512;214,07;103,03;299,21
2,630;1,030;0,947;4,517;214,22;103,03;299,21
2,635;1,030;0,942;4,512;214,07;103,03;298,90
2,640;1,030;0,942;4,512;214,07;103,03;298,90
2,645;1,030;0,942;4,517;214,22;103,03;298,90
2,650;1,030;0,947;4,512;214,07;103,03;299,21
2,655;1,030;0,947;4,517;214,22;103,03;299,21
2,660;1,030;0,942;4,512;214,07;103,03;298,90
2,665;1,030;0,947;4,517;214,22;103,03;299,21
2,670;1,030;0,947;4,517;214,22;103,03;299,21
2,675;1,030;0,947;4,517;214,22;103,03;299,21
2,680;1,030;0,947;4,517;214,22;103,03;299,21
2,685;1,030;0,947;4,517;214,22;103,03;299,21
2,690;1,025;0,947;4,517;214,22;102,54;299,21
2,695;1,030;0,942;4,517;214,22;103,03;298,90
2,700;1,030;0,947;4,512;214,07;103,03;299,21
2,705;1,035;0,947;4,517;214,22;103,52;299,21
2,710;1,030;0,947;4,512;214,07;103,03;299,21
2,715;1,030;0,947;4,517;214,22;103,03;299,21
2,720;1,030;0,947;4,512;214,07;103,03;299,21
2,725;1,030;0,942;4,517;214,22;103,03;298,90
2,730;1,035;0,942;4,512;214,07;103,52;298,90
2,735;1,030;0,947;4,512;214,07;103,03;299,21
2,740;1,030;0,947;4,512;214,07;103,03;299,21
2,745;1,030;0,947;4,512;214,07;103,03;299,21
2,750;1,025;0,947;4,512;214,07;102,54;299,21
2,755;1,030;0,947;4,512;214,07;103,03;299,21
2,760;1,030;0,947;4,512;214,07;103,03;299,21
2,765;1,030;0,947;4,517;214,22;103,03;299,21
2,770;1,030;0,947;4,517;214,22;103,03;299,21
2,775;1,025;0,942;4,517;214,22;102,54;298,90
2,780;1,030;0,947;4,512;214,07;103,03;299,21
2,785;1,030;0,947;4,512;214,07;103,03;299,21
2,790;1,035;0,947;4,517;214,22;103,52;299,21
2,795;1,030;0,942;4,517;214,22;103,03;298,90
2,800;1,025;0,947;4,512;214,07;102,54;299,21
2,805;1,030;0,942;4,512;214,07;103,03;298,90
2,810;1,025;0,937;4,517;214,22;102,54;298,58
2,815;1,030;0,947;4,517;214,22;103,03;299,21
2,820;1,030;0,942;4,517;214,22;103,03;298,90
2,825;1,025;0,942;4,512;214,07;102,54;298,90
2,830;1,030;0,947;4,512;214,07;103,03;299,21
2,835;1,030;0,947;4,512;214,07;103,03;299,21
2,840;1,030;0,947;4,512;214,07;103,03;299,21
2,845;1,030;0,947;4,517;214,22;103,03;299,21
2,850;1,030;0,942;4,512;214,07;103,03;298,90
2,855;1,030;0,942;4,512;214,07;103,03;298,90
2,860;1,021;0,947;4,517;214,22;102,05;299,21
2,865;1,030;0,942;4,512;214,07;103,03;298,90
2,870;1,030;0,947;4,512;214,07;103,03;299,21
2,875;1,030;0,942;4,517;214,22;103,03;298,90
2,880;1,030;0,947;4,512;214,07;103,03;299,21
2,885;1,030;0,947;4,517;214,22;103,03;299,21
2,890;1,030;0,947;4,512;214,07;103,03;299,21
2,895;1,025;0,947;4,517;214,22;102,54;299,21
2,900;1,030;0,942;4,512;214,07;103,03;298,90
2,905;1,030;0,947;4,517;214,22;103,03;299,21
2,910;1,030;0,947;4,512;214,07;103,03;299,21
2,915;1,030;0,947;4,512;214,07;103,03;299,21
2,920;1,030;0,942;4,517;214,22;103,03;298,90
2,925;1,030;0,947;4,512;214,07;103,03;299,21
2,930;1,025;0,942;4,517;214,22;102,54;298,90
2,935;1,030;0,942;4,512;214,07;103,03;298,90
2,940;1,030;0,942;4,517;214,22;103,03;298,90
2,945;1,030;0,947;4,512;214,07;103,03;299,21
2,950;1,030;0,947;4,512;214,07;103,03;299,21
2,955;1,030;0,942;4,517;214,22;103,03;298,90
2,960;1,030;0,942;4,512;214,07;103,03;298,90
2,965;1,030;0,947;4,512;214,07;103,03;299,21
2,970;1,030;0,947;4,512;214,07;103,03;299,21
2,975;1,030;0,947;4,517;214,22;103,03;299,21
2,980;1,030;0,947;4,517;214,22;103,03;299,21
2,985;1,035;0,947;4,512;214,07;103,52;299,21
2,990;1,030;0,942;4,517;214,22;103,03;298,90
2,995;1,030;0,942;4,512;214,07;103,03;298,90
3,000;1,030;0,947;4,512;214,07;103,03;299,21
3,005;1,030;0,942;4,512;214,07;103,03;298,90
3,010;1,035;0,947;4,512;214,07;103,52;299,21
3,015;1,025;0,947;4,517;214,22;102,54;299,21
3,020;1,030;0,947;4,512;214,07;103,03;299,21
3,025;1,030;0,942;4,517;214,22;103,03;298,90
3,030;1,030;0,942;4,517;214,22;103,03;298,90
3,035;1,030;0,947;4,512;214,07;103,03;299,21
3,040;1,030;0,942;4,512;214,07;103,03;298,90
3,045;1,030;0,947;4,512;214,07;103,03;299,21
3,050;1,025;0,947;4,517;214,22;102,54;299,21
3,055;1,030;0,942;4,517;214,22;103,03;298,90
3,060;1,030;0,937;4,517;214,22;103,03;298,58
3,065;1,030;0,947;4,512;214,07;103,03;299,21
3,070;1,030;0,942;4,517;214,22;103,03;298,90
3,075;1,025;0,942;4,517;214,22;102,54;298,90
3,080;1,030;0,947;4,512;214,07;103,03;299,21
3,085;1,030;0,947;4,517;214,22;103,03;299,21
3,090;1,030;0,942;4,521;214,37;103,03;298,90
3,095;1,035;0,947;4,517;214,22;103,52;299,21
3,100;1,025;0,947;4,517;214,22;102,54;299,21
3,105;1,035;0,942;4,512;214,07;103,52;298,90
3,110;1,025;0,947;4,517;214,22;102,54;299,21
3,115;1,030;0,947;4,512;214,07;103,03;299,21
3,120;1,035;0,942;4,517;214,22;103,52;298,90
3,125;1,030;0,947;4,517;214,22;103,03;299,21
3,130;1,035;0,942;4,512;214,07;103,52;298,90
3,135;1,030;0,942;4,517;214,22;103,03;298,90
3,140;1,030;0,942;4,517;214,22;103,03;298,90
3,145;1,030;0,947;4,517;214,22;103,03;299,21
3,150;1,030;0,942;4,517;214,22;103,03;298,90
3,155;1,030;0,957;4,512;214,07;103,03;299,85
3,160;1,025;0,947;4,512;214,07;102,54;299,21
3,165;1,030;0,947;4,512;214,07;103,03;299,21
3,170;1,030;0,937;4,517;214,22;103,03;298,58
3,175;1,030;0,947;4,512;214,07;103,03;299,21
3,180;1,030;0,942;4,517;214,22;103,03;298,90
3,185;1,030;0,947;4,517;214,22;103,03;299,21
3,190;1,030;0,947;4,512;214,07;103,03;299,21
3,195;1,030;0,942;4,517;214,22;103,03;298,90
3,200;1,030;0,942;4,512;214,07;103,03;298,90
3,205;1,030;0,947;4,521;214,37;103,03;299,21
3,210;1,030;0,947;4,531;214,68;103,03;299,21
3,215;1,030;0,947;4,492;213,46;103,03;299,21
3,220;1,030;0,947;4,517;214,22;103,03;299,21
3,225;1,030;0,947;4,502;213,76;103,03;299,21
3,230;1,030;0,947;4,512;214,07;103,03;299,21
3,235;1,030;0,947;4,521;214,37;103,03;299,21
3,240;1,030;0,947;4,512;214,07;103,03;299,21
3,245;1,025;0,947;4,512;214,07;102,54;299,21
3,250;1,030;0,947;4,512;214,07;103,03;299,21
3,255;1,030;0,947;4,517;214,22;103,03;299,21
3,260;1,030;0,947;4,517;214,22;103,03;299,21
3,265;1,030;0,947;4,512;214,07;103,03;299,21
3,270;1,030;0,942;4,517;214,22;103,03;298,90
3,275;1,030;0,942;4,512;214,07;103,03;298,90
3,280;1,025;0,947;4,517;214,22;102,54;299,21
3,285;1,030;0,942;4,517;214,22;103,03;298,90
3,290;1,030;0,947;4,512;214,07;103,03;299,21
3,295;1,030;0,942;4,512;214,07;103,03;298,90
3,300;1,030;0,942;4,517;214,22;103,03;298,90
3,305;1,030;0,947;4,512;214,07;103,03;299,21
3,310;1,030;0,947;4,512;214,07;103,03;299,21
3,315;1,030;0,947;4,517;214,22;103,03;299,21
3,320;1,030;0,942;4,512;214,07;103,03;298,90
3,325;1,030;0,947;4,512;214,07;103,03;299,21
3,330;1,030;0,947;4,517;214,22;103,03;299,21
3,335;1,035;0,942;4,517;214,22;103,52;298,90
3,340;1,025;0,947;4,512;214,07;102,54;299,21
3,345;1,030;0,942;4,517;214,22;103,03;298,90
3,350;1,025;0,947;4,517;214,22;102,54;299,21
3,355;1,030;0,947;4,517;214,22;103,03;299,21
3,360;1,030;0,947;4,512;214,07;103,03;299,21
3,365;1,030;0,942;4,517;214,22;103,03;298,90
3,370;1,035;0,942;4,512;214,07;103,52;298,90
3,375;1,030;0,947;4,517;214,22;103,03;299,21
3,380;1,030;0,942;4,512;214,07;103,03;298,90
3,385;1,030;0,947;4,517;214,22;103,03;299,21
3,390;1,030;0,947;4,512;214,07;103,03;299,21
3,395;1,030;0,947;4,512;214,07;103,03;299,21
3,400;1,030;0,947;4,517;214,22;103,03;299,21
3,405;1,030;0,947;4,517;214,22;103,03;299,21
3,410;1,030;0,947;4,517;214,22;103,03;299,21
3,415;1,030;0,942;4,512;214,07;103,03;298,90
3,420;1,035;0,947;4,517;214,22;103,52;299,21
3,425;1,030;0,947;4,517;214,22;103,03;299,21
3,430;1,030;0,947;4,512;214,07;103,03;299,21
3,435;1,025;0,947;4,517;214,22;102,54;299,21
3,440;1,035;0,942;4,502;213,76;103,52;298,90
3,445;1,030;0,947;4,517;214,22;103,03;299,21
3,450;1,030;0,947;4,502;213,76;103,03;299,21
3,455;1,030;0,942;4,512;214,07;103,03;298,90
3,460;1,025;0,947;4,517;214,22;102,54;299,21
3,465;1,030;0,942;4,512;214,07;103,03;298,90
3,470;1,030;0,942;4,517;214,22;103,03;298,90
3,475;1,030;0,942;4,512;214,07;103,03;298,90
3,480;1,030;0,947;4,517;214,22;103,03;299,21
3,485;1,030;0,947;4,512;214,07;103,03;299,21
3,490;1,030;0,947;4,517;214,22;103,03;299,21
3,495;1,030;0,947;4,517;214,22;103,03;299,21
3,500;1,030;0,942;4,512;214,07;103,03;298,90
3,505;1,030;0,947;4,517;214,22;103,03;299,21
3,510;1,030;0,947;4,517;214,22;103,03;299,21
3,515;1,030;0,947;4,512;214,07;103,03;299,21
3,520;1,025;0,942;4,517;214,22;102,54;298,90
3,525;1,030;0,947;4,517;214,22;103,03;299,21
3,530;1,025;0,942;4,517;214,22;102,54;298,90
3,535;1,030;0,942;4,512;214,07;103,03;298,90
3,540;1,030;0,947;4,517;214,22;103,03;299,21
3,545;1,030;0,947;4,512;214,07;103,03;299,21
3,550;1,030;0,947;4,512;214,07;103,03;299,21
3,555;1,030;0,947;4,512;214,07;103,03;299,21
3,560;1,030;0,947;4,512;214,07;103,03;299,21
3,565;1,030;0,947;4,517;214,22;103,03;299,21
3,570;1,030;0,942;4,512;214,07;103,03;298,90
3,575;1,030;0,947;4,517;214,22;103,03;299,21
3,580;1,030;0,947;4,517;214,22;103,03;299,21
3,585;1,030;0,947;4,517;214,22;103,03;299,21
3,590;1,030;0,947;4,517;214,22;103,03;299,21
3,595;1,030;0,942;4,512;214,07;103,03;298,90
3,600;1,030;0,947;4,512;214,07;103,03;299,21
3,605;1,030;0,942;4,517;214,22;103,03;298,90
3,610;1,030;0,947;4,512;214,07;103,03;299,21
3,615;1,030;0,947;4,517;214,22;103,03;299,21
3,620;1,030;0,942;4,512;214,07;103,03;298,90
3,625;1,025;0,947;4,512;214,07;102,54;299,21
3,630;1,030;0,942;4,517;214,22;103,03;298,90
3,635;1,030;0,947;4,517;214,22;103,03;299,21
3,640;1,030;0,947;4,512;214,07;103,03;299,21
3,645;1,030;0,947;4,512;214,07;103,03;299,21
3,650;1,025;0,942;4,517;214,22;102,54;298,90
3,655;1,030;0,947;4,512;214,07;103,03;299,21
3,660;1,030;0,937;4,517;214,22;103,03;298,58
3,665;1,030;0,942;4,517;214,22;103,03;298,90
3,670;1,030;0,942;4,517;214,22;103,03;298,90
3,675;1,030;0,947;4,517;214,22;103,03;299,21
3,680;1,030;0,947;4,517;214,22;103,03;299,21
3,685;1,030;0,947;4,517;214,22;103,03;299,21
3,690;1,035;0,947;4,512;214,07;103,52;299,21
3,695;1,025;0,947;4,517;214,22;102,54;299,21
3,700;1,030;0,947;4,512;214,07;103,03;299,21
3,705;1,025;0,947;4,512;214,07;102,54;299,21
3,710;1,035;0,947;4,507;213,91;103,52;299,21
3,715;1,030;0,947;4,512;214,07;103,03;299,21
3,720;1,025;0,942;4,517;214,22;102,54;298,90
3,725;1,030;0,947;4,512;214,07;103,03;299,21
3,730;1,025;0,947;4,512;214,07;102,54;299,21
3,735;1,030;0,942;4,517;214,22;103,03;298,90
3,740;1,030;0,947;4,517;214,22;103,03;299,21
3,745;1,030;0,947;4,512;214,07;103,03;299,21
3,750;1,030;0,947;4,512;214,07;103,03;299,21
3,755;1,025;0,947;4,517;214,22;102,54;299,21
3,760;1,030;0,947;4,517;214,22;103,03;299,21
3,765;1,035;0,947;4,517;214,22;103,52;299,21
3,770;1,035;0,947;4,512;214,07;103,52;299,21
3,775;1,030;0,947;4,517;214,22;103,03;299,21
3,780;1,030;0,947;4,512;214,07;103,03;299,21
3,785;1,030;0,942;4,512;214,07;103,03;298,90
3,790;1,030;0,947;4,512;214,07;103,03;299,21
3,795;1,030;0,942;4,512;214,07;103,03;298,90
3,800;1,030;0,947;4,517;214,22;103,03;299,21
3,805;1,030;0,947;4,517;214,22;103,03;299,21
3,810;1,030;0,947;4,541;214,98;103,03;299,21
3,815;1,025;0,947;4,497;213,61;102,54;299,21
3,820;1,030;0,942;4,512;214,07;103,03;298,90
3,825;1,030;0,947;4,502;213,76;103,03;299,21
3,830;1,030;0,942;4,517;214,22;103,03;298,90
3,835;1,030;0,947;4,526;214,52;103,03;299,21
3,840;1,030;0,942;4,517;214,22;103,03;298,90
3,845;1,035;0,942;4,521;214,37;103,52;298,90
3,850;1,030;0,947;4,512;214,07;103,03;299,21
3,855;1,030;0,942;4,517;214,22;103,03;298,90
3,860;1,030;0,947;4,512;214,07;103,03;299,21
3,865;1,030;0,942;4,512;214,07;103,03;298,90
3,870;1,035;0,942;4,512;214,07;103,52;298,90
3,875;1,030;0,942;4,512;214,07;103,03;298,90
3,880;1,035;0,942;4,512;214,07;103,52;298,90
3,885;1,030;0,947;4,512;214,07;103,03;299,21
3,890;1,030;0,942;4,512;214,07;103,03;298,90
3,895;1,030;0,947;4,517;214,22;103,03;299,21
3,900;1,030;0,933;4,517;214,22;103,03;298,26
3,905;1,030;0,942;4,512;214,07;103,03;298,90
3,910;1,030;0,947;4,512;214,07;103,03;299,21
3,915;1,030;0,947;4,512;214,07;103,03;299,21
3,920;1,030;0,947;4,512;214,07;103,03;299,21
3,925;1,030;0,942;4,512;214,07;103,03;298,90
3,930;1,030;0,947;4,517;214,22;103,03;299,21
3,935;1,030;0,942;4,517;214,22;103,03;298,90
3,940;1,030;0,947;4,512;214,07;103,03;299,21
3,945;1,030;0,947;4,517;214,22;103,03;299,21
3,950;1,030;0,947;4,512;214,07;103,03;299,21
3,955;1,030;0,947;4,512;214,07;103,03;299,21
3,960;1,030;0,947;4,512;214,07;103,03;299,21
3,965;1,030;0,947;4,517;214,22;103,03;299,21
3,970;1,025;0,947;4,512;214,07;102,54;299,21
3,975;1,030;0,942;4,517;214,22;103,03;298,90
3,980;1,030;0,947;4,512;214,07;103,03;299,21
3,985;1,030;0,947;4,517;214,22;103,03;299,21
3,990;1,030;0,947;4,512;214,07;103,03;299,21
3,995;1,030;0,947;4,517;214,22;103,03;299,21
4,000;1,030;0,947;4,512;214,07;103,03;299,21
4,005;1,030;0,947;4,512;214,07;103,03;299,21
4,010;1,030;0,942;4,512;214,07;103,03;298,90
4,015;1,030;0,947;4,517;214,22;103,03;299,21
4,020;1,030;0,947;4,512;214,07;103,03;299,21
4,025;1,030;0,947;4,517;214,22;103,03;299,21
4,030;1,025;0,947;4,517;214,22;102,54;299,21
4,035;1,030;0,947;4,517;214,22;103,03;299,21
4,040;1,030;0,947;4,512;214,07;103,03;299,21
4,045;1,030;0,947;4,512;214,07;103,03;299,21
4,050;1,035;0,947;4,512;214,07;103,52;299,21
4,055;1,035;0,947;4,517;214,22;103,52;299,21
4,060;1,030;0,947;4,517;214,22;103,03;299,21
4,065;1,025;0,942;4,517;214,22;102,54;298,90
4,070;1,030;0,947;4,512;214,07;103,03;299,21
4,075;1,030;0,947;4,517;214,22;103,03;299,21
4,080;1,030;0,947;4,512;214,07;103,03;299,21
4,085;1,030;0,947;4,517;214,22;103,03;299,21
4,090;1,030;0,942;4,517;214,22;103,03;298,90
4,095;1,030;0,947;4,517;214,22;103,03;299,21
4,100;1,030;0,947;4,517;214,22;103,03;299,21
4,105;1,030;0,947;4,517;214,22;103,03;299,21
4,110;1,030;0,947;4,512;214,07;103,03;299,21
4,115;1,030;0,942;4,517;214,22;103,03;298,90
4,120;1,030;0,947;4,517;214,22;103,03;299,21
4,125;1,030;0,947;4,517;214,22;103,03;299,21
4,130;1,030;0,942;4,512;214,07;103,03;298,90
4,135;1,025;0,947;4,517;214,22;102,54;299,21
4,140;1,030;0,942;4,517;214,22;103,03;298,90
4,145;1,030;0,947;4,517;214,22;103,03;299,21
4,150;1,030;0,947;4,512;214,07;103,03;299,21
4,155;1,035;0,947;4,517;214,22;103,52;299,21
4,160;1,035;0,947;4,512;214,07;103,52;299,21
4,165;1,030;0,947;4,512;214,07;103,03;299,21
4,170;1,030;0,947;4,512;214,07;103,03;299,21
4,175;1,030;0,942;4,512;214,07;103,03;298,90
4,180;1,030;0,942;4,512;214,07;103,03;298,90
4,185;1,030;0,942;4,517;214,22;103,03;298,90
4,190;1,030;0,947;4,512;214,07;103,03;299,21
4,195;1,030;0,942;4,517;214,22;103,03;298,90
4,200;1,035;0,947;4,517;214,22;103,52;299,21
4,205;1,030;0,947;4,517;214,22;103,03;299,21
4,210;1,030;0,942;4,512;214,07;103,03;298,90
4,215;1,030;0,947;4,517;214,22;103,03;299,21
4,220;1,030;0,947;4,517;214,22;103,03;299,21
4,225;1,030;0,947;4,512;214,07;103,03;299,21
4,230;1,030;0,947;4,517;214,22;103,03;299,21
4,235;1,030;0,947;4,517;214,22;103,03;299,21
4,240;1,025;0,947;4,517;214,22;102,54;299,21
4,245;1,030;0,942;4,517;214,22;103,03;298,90
4,250;1,030;0,947;4,512;214,07;103,03;299,21
4,255;1,030;0,942;4,512;214,07;103,03;298,90
4,260;1,030;0,947;4,517;214,22;103,03;299,21
4,265;1,030;0,947;4,512;214,07;103,03;299,21
4,270;1,030;0,947;4,512;214,07;103,03;299,21
4,275;1,030;0,947;4,517;214,22;103,03;299,21
4,280;1,030;0,947;4,512;214,07;103,03;299,21
4,285;1,030;0,947;4,512;214,07;103,03;299,21
4,290;1,030;0,947;4,512;214,07;103,03;299,21
4,295;1,030;0,947;4,512;214,07;103,03;299,21
4,300;1,030;0,947;4,512;214,07;103,03;299,21
4,305;1,030;0,947;4,512;214,07;103,03;299,21
4,310;1,025;0,947;4,502;213,76;102,54;299,21
4,315;1,030;0,947;4,512;214,07;103,03;299,21
4,320;1,030;0,947;4,521;214,37;103,03;299,21
4,325;1,035;0,947;4,512;214,07;103,52;299,21
4,330;1,030;0,947;4,517;214,22;103,03;299,21
4,335;1,030;0,947;4,512;214,07;103,03;299,21
4,340;1,030;0,947;4,517;214,22;103,03;299,21
4,345;1,030;0,942;4,517;214,22;103,03;298,90
4,350;1,030;0,947;4,512;214,07;103,03;299,21
4,355;1,030;0,937;4,512;214,07;103,03;298,58
4,360;1,030;0,947;4,512;214,07;103,03;299,21
4,365;1,030;0,937;4,517;214,22;103,03;298,58
4,370;1,030;0,947;4,512;214,07;103,03;299,21
4,375;1,030;0,947;4,512;214,07;103,03;299,21
4,380;1,030;0,937;4,512;214,07;103,03;298,58
4,385;1,030;0,947;4,512;214,07;103,03;299,21
4,390;1,030;0,957;4,512;214,07;103,03;299,85
4,395;1,030;0,947;4,512;214,07;103,03;299,21
4,400;1,030;0,942;4,517;214,22;103,03;298,90
4,405;1,030;0,942;4,512;214,07;103,03;298,90
4,410;1,030;0,947;4,517;214,22;103,03;299,21
4,415;1,030;0,942;4,507;213,91;103,03;298,90
4,420;1,030;0,947;4,502;213,76;103,03;299,21
4,425;1,025;0,947;4,512;214,07;102,54;299,21
4,430;1,030;0,947;4,536;214,83;103,03;299,21
4,435;1,030;0,947;4,517;214,22;103,03;299,21
4,440;1,030;0,947;4,517;214,22;103,03;299,21
4,445;1,030;0,947;4,517;214,22;103,03;299,21
4,450;1,030;0,942;4,517;214,22;103,03;298,90
4,455;1,030;0,942;4,512;214,07;103,03;298,90
4,460;1,030;0,947;4,512;214,07;103,03;299,21
4,465;1,030;0,942;4,512;214,07;103,03;298,90
4,470;1,025;0,942;4,512;214,07;102,54;298,90
4,475;1,030;0,942;4,512;214,07;103,03;298,90
4,480;1,030;0,947;4,517;214,22;103,03;299,21
4,485;1,030;0,947;4,517;214,22;103,03;299,21
4,490;1,030;0,947;4,512;214,07;103,03;299,21
4,495;1,030;0,942;4,512;214,07;103,03;298,90
4,500;1,030;0,947;4,492;213,46;103,03;299,21
4,505;1,035;0,947;4,463;212,54;103,52;299,21
4,510;1,045;0,947;4,414;211,02;104,49;299,21
4,515;1,055;0,947;4,351;209,04;105,47;299,21
4,520;1,069;0,947;4,263;206,30;106,93;299,21
4,525;1,084;0,947;4,150;202,79;108,40;299,21
4,530;1,104;0,952;4,023;198,83;110,35;299,53
4,535;1,128;0,957;3,867;193,96;112,79;299,85
4,540;1,157;0,962;3,687;188,32;115,72;300,17
4,545;1,196;0,967;3,481;181,92;119,63;300,49
4,550;1,240;0,977;3,252;174,76;124,02;301,12
4,555;1,299;0,981;3,003;166,99;129,88;301,44
4,560;1,357;0,996;2,734;158,61;135,74;302,40
4,565;1,436;1,006;2,451;149,78;143,55;303,03
4,570;1,523;1,021;2,144;140,18;152,34;303,99
4,575;1,626;1,035;1,826;130,28;162,60;304,94
4,580;1,758;1,060;1,499;120,07;175,78;306,53
4,585;1,904;1,084;1,172;109,86;190,43;308,12
4,590;2,075;1,113;0,859;100,11;207,52;310,03
4,595;2,271;1,147;0,552;90,51;227,05;312,26
4,600;2,476;1,182;0,278;81,98;247,56;314,48
4,605;2,583;1,221;0,234;80,61;258,30;317,03
4,610;2,559;1,250;0,239;80,76;255,86;318,94
4,615;2,539;1,270;0,273;81,83;253,91;320,21
4,620;2,480;1,289;0,352;84,27;248,05;321,48
4,625;2,417;1,289;0,420;86,40;241,70;321,48
4,630;2,378;1,289;0,483;88,38;237,79;321,48
4,635;2,319;1,289;0,552;90,51;231,93;321,48
4,640;2,275;1,279;0,625;92,80;227,54;320,85
4,645;2,227;1,274;0,693;94,93;222,66;320,53
4,650;2,178;1,270;0,762;97,07;217,77;320,21
4,655;2,134;1,260;0,835;99,35;213,38;319,57
4,660;2,090;1,250;0,913;101,79;208,98;318,94
4,665;2,046;1,250;0,991;104,23;204,59;318,94
4,670;1,997;1,240;1,069;106,66;199,71;318,30
4,675;1,953;1,226;1,152;109,25;195,31;317,35
4,680;1,909;1,221;1,240;112,00;190,92;317,03
4,685;1,865;1,211;1,333;114,89;186,52;316,39
4,690;1,821;1,201;1,431;117,94;182,13;315,76
4,695;1,772;1,191;1,543;121,44;177,25;315,12
4,700;1,729;1,177;1,655;124,94;172,85;314,17
4,705;1,680;1,172;1,772;128,60;167,97;313,85
4,710;1,636;1,157;1,890;132,26;163,57;312,89
4,715;1,587;1,147;2,021;136,37;158,69;312,26
4,720;1,553;1,133;2,144;140,18;155,27;311,30
4,725;1,509;1,123;2,275;144,29;150,88;310,67
4,730;1,470;1,113;2,397;148,10;146,97;310,03
4,735;1,436;1,099;2,524;152,06;143,55;309,08
4,740;1,401;1,089;2,656;156,18;140,14;308,44
4,745;1,367;1,084;2,773;159,83;136,72;308,12
4,750;1,333;1,069;2,891;163,49;133,30;307,17
4,755;1,313;1,060;3,003;166,99;131,35;306,53
4,760;1,284;1,045;3,110;170,34;128,42;305,58
4,765;1,265;1,040;3,203;173,24;126,46;305,26
4,770;1,245;1,030;3,296;176,13;124,51;304,62
4,775;1,226;1,025;3,374;178,57;122,56;304,30
4,780;1,216;1,016;3,447;180,85;121,58;303,67
4,785;1,196;1,016;3,511;182,84;119,63;303,67
4,790;1,187;1,006;3,555;184,21;118,65;303,03
4,795;1,177;1,001;3,599;185,58;117,68;302,71
4,800;1,177;0,996;3,623;186,34;117,68;302,40
4,805;1,172;0,991;3,643;186,95;117,19;302,08
4,810;1,172;0,986;3,657;187,41;117,19;301,76
4,815;1,167;0,986;3,662;187,56;116,70;301,76
4,820;1,167;0,986;3,657;187,41;116,70;301,76
4,825;1,167;0,981;3,657;187,41;116,70;301,44
4,830;1,167;0,977;3,662;187,56;116,70;301,12
4,835;1,167;0,977;3,662;187,56;116,70;301,12
4,840;1,167;0,977;3,662;187,56;116,70;301,12
4,845;1,167;0,977;3,662;187,56;116,70;301,12
4,850;1,172;0,977;3,662;187,56;117,19;301,12
4,855;1,167;0,977;3,657;187,41;116,70;301,12
4,860;1,167;0,977;3,657;187,41;116,70;301,12
4,865;1,162;0,977;3,657;187,41;116,21;301,12
4,870;1,167;0,977;3,657;187,41;116,70;301,12
4,875;1,162;0,977;3,657;187,41;116,21;301,12
4,880;1,167;0,977;3,657;187,41;116,70;301,12
4,885;1,167;0,977;3,662;187,56;116,70;301,12
4,890;1,167;0,972;3,662;187,56;116,70;300,80
4,895;1,167;0,977;3,657;187,41;116,70;301,12
4,900;1,162;0,977;3,657;187,41;116,21;301,12
4,905;1,167;0,977;3,662;187,56;116,70;301,12
4,910;1,157;0,977;3,657;187,41;115,72;301,12
4,915;1,167;0,972;3,662;187,56;116,70;300,80
4,920;1,162;0,977;3,667;187,71;116,21;301,12
4,925;1,167;0,977;3,657;187,41;116,70;301,12
4,930;1,167;0,977;3,647;187,10;116,70;301,12
4,935;1,167;0,977;3,662;187,56;116,70;301,12
4,940;1,167;0,972;3,662;187,56;116,70;300,80
4,945;1,162;0,977;3,657;187,41;116,21;301,12
4,950;1,167;0,977;3,662;187,56;116,70;301,12
4,955;1,162;0,977;3,662;187,56;116,21;301,12
4,960;1,167;0,977;3,662;187,56;116,70;301,12
4,965;1,167;0,967;3,657;187,41;116,70;300,49
4,970;1,162;0,977;3,662;187,56;116,21;301,12
4,975;1,167;0,977;3,662;187,56;116,70;301,12
4,980;1,162;0,977;3,662;187,56;116,21;301,12
4,985;1,167;0,977;3,662;187,56;116,70;301,12
4,990;1,162;0,967;3,662;187,56;116,21;300,49
4,995;1,167;0,977;3,662;187,56;116,70;301,12
5,000;1,162;0,972;3,662;187,56;116,21;300,80
5,005;1,167;0,977;3,657;187,41;116,70;301,12
5,010;1,167;0,977;3,657;187,41;116,70;301,12
5,015;1,167;0,977;3,677;188,01;116,70;301,12
5,020;1,167;0,977;3,657;187,41;116,70;301,12
5,025;1,162;0,977;3,657;187,41;116,21;301,12
5,030;1,167;0,977;3,643;186,95;116,70;301,12
5,035;1,162;0,977;3,662;187,56;116,21;301,12
5,040;1,167;0,977;3,657;187,41;116,70;301,12
5,045;1,167;0,977;3,662;187,56;116,70;301,12
5,050;1,172;0,977;3,662;187,56;117,19;301,12
5,055;1,167;0,977;3,657;187,41;116,70;301,12
5,060;1,162;0,977;3,662;187,56;116,21;301,12
5,065;1,167;0,977;3,657;187,41;116,70;301,12
5,070;1,162;0,977;3,662;187,56;116,21;301,12
5,075;1,167;0,977;3,662;187,56;116,70;301,12
5,080;1,162;0,977;3,657;187,41;116,21;301,12
5,085;1,167;0,977;3,662;187,56;116,70;301,12
5,090;1,167;0,977;3,662;187,56;116,70;301,12
5,095;1,167;0,977;3,662;187,56;116,70;301,12
5,100;1,167;0,977;3,657;187,41;116,70;301,12
5,105;1,162;0,977;3,662;187,56;116,21;301,12
5,110;1,167;0,977;3,657;187,41;116,70;301,12
5,115;1,162;0,977;3,662;187,56;116,21;301,12
5,120;1,162;0,977;3,657;187,41;116,21;301,12
5,125;1,167;0,977;3,662;187,56;116,70;301,12
5,130;1,162;0,977;3,662;187,56;116,21;301,12
5,135;1,167;0,977;3,662;187,56;116,70;301,12
5,140;1,162;0,977;3,662;187,56;116,21;301,12
5,145;1,167;0,977;3,657;187,41;116,70;301,12
5,150;1,162;0,977;3,657;187,41;116,21;301,12
5,155;1,167;0,977;3,657;187,41;116,70;301,12
5,160;1,167;0,977;3,662;187,56;116,70;301,12
5,165;1,167;0,977;3,662;187,56;116,70;301,12
5,170;1,167;0,977;3,657;187,41;116,70;301,12
5,175;1,162;0,977;3,657;187,41;116,21;301,12
5,180;1,162;0,977;3,657;187,41;116,21;301,12
5,185;1,162;0,977;3,662;187,56;116,21;301,12
5,190;1,162;0,977;3,657;187,41;116,21;301,12
5,195;1,162;0,977;3,662;187,56;116,21;301,12
5,200;1,167;0,977;3,662;187,56;116,70;301,12
5,205;1,167;0,977;3,662;187,56;116,70;301,12
5,210;1,162;0,977;3,662;187,56;116,21;301,12
5,215;1,167;0,977;3,657;187,41;116,70;301,12
5,220;1,162;0,977;3,662;187,56;116,21;301,12
5,225;1,167;0,977;3,657;187,41;116,70;301,12
5,230;1,162;0,977;3,662;187,56;116,21;301,12
5,235;1,167;0,977;3,662;187,56;116,70;301,12
5,240;1,162;0,977;3,662;187,56;116,21;301,12
5,245;1,167;0,977;3,662;187,56;116,70;301,12
5,250;1,167;0,977;3,662;187,56;116,70;301,12
5,255;1,167;0,977;3,662;187,56;116,70;301,12
5,260;1,167;0,977;3,657;187,41;116,70;301,12
5,265;1,162;0,977;3,657;187,41;116,21;301,12
5,270;1,162;0,977;3,657;187,41;116,21;301,12
5,275;1,162;0,977;3,662;187,56;116,21;301,12
5,280;1,167;0,977;3,657;187,41;116,70;301,12
5,285;1,167;0,977;3,662;187,56;116,70;301,12
5,290;1,167;0,977;3,662;187,56;116,70;301,12
5,295;1,162;0,977;3,657;187,41;116,21;301,12
5,300;1,162;0,977;3,662;187,56;116,21;301,12
5,305;1,167;0,977;3,657;187,41;116,70;301,12
5,310;1,162;0,977;3,662;187,56;116,21;301,12
5,315;1,167;0,977;3,657;187,41;116,70;301,12
5,320;1,167;0,977;3,643;186,95;116,70;301,12
5,325;1,162;0,977;3,657;187,41;116,21;301,12
5,330;1,167;0,977;3,657;187,41;116,70;301,12
5,335;1,162;0,977;3,662;187,56;116,21;301,12
5,340;1,167;0,977;3,657;187,41;116,70;301,12
5,345;1,162;0,981;3,662;187,56;116,21;301,44
5,350;1,162;0,977;3,657;187,41;116,21;301,12
5,355;1,162;0,977;3,662;187,56;116,21;301,12
5,360;1,162;0,977;3,662;187,56;116,21;301,12
5,365;1,167;0,981;3,662;187,56;116,70;301,44
5,370;1,162;0,977;3,662;187,56;116,21;301,12
5,375;1,167;0,981;3,657;187,41;116,70;301,44
5,380;1,162;0,977;3,662;187,56;116,21;301,12
5,385;1,162;0,977;3,657;187,41;116,21;301,12
5,390;1,162;0,981;3,662;187,56;116,21;301,44
5,395;1,167;0,977;3,657;187,41;116,70;301,12
5,400;1,167;0,981;3,657;187,41;116,70;301,44
5,405;1,162;0,981;3,657;187,41;116,21;301,44
5,410;1,167;0,977;3,657;187,41;116,70;301,12
5,415;1,162;0,977;3,657;187,41;116,21;301,12
5,420;1,167;0,981;3,657;187,41;116,70;301,44
5,425;1,162;0,977;3,662;187,56;116,21;301,12
5,430;1,162;0,977;3,662;187,56;116,21;301,12
5,435;1,167;0,981;3,662;187,56;116,70;301,44
5,440;1,167;0,977;3,672;187,86;116,70;301,12
5,445;1,162;0,981;3,657;187,41;116,21;301,44
5,450;1,162;0,981;3,657;187,41;116,21;301,44
5,455;1,162;0,977;3,657;187,41;116,21;301,12
5,460;1,162;0,977;3,662;187,56;116,21;301,12
5,465;1,162;0,977;3,662;187,56;116,21;301,12
5,470;1,162;0,981;3,662;187,56;116,21;301,44
5,475;1,167;0,977;3,662;187,56;116,70;301,12
5,480;1,167;0,981;3,657;187,41;116,70;301,44
5,485;1,162;0,977;3,662;187,56;116,21;301,12
5,490;1,167;0,967;3,662;187,56;116,70;300,49
5,495;1,162;0,981;3,662;187,56;116,21;301,44
5,500;1,162;0,977;3,657;187,41;116,21;301,12
5,505;1,162;0,981;3,662;187,56;116,21;301,44
5,510;1,157;0,977;3,657;187,41;115,72;301,12
5,515;1,162;0,977;3,657;187,41;116,21;301,12
5,520;1,157;0,981;3,657;187,41;115,72;301,44
5,525;1,162;0,981;3,657;187,41;116,21;301,44
5,530;1,162;0,981;3,657;187,41;116,21;301,44
5,535;1,167;0,977;3,657;187,41;116,70;301,12
5,540;1,162;0,977;3,662;187,56;116,21;301,12
5,545;1,172;0,977;3,657;187,41;117,19;301,12
5,550;1,167;0,977;3,662;187,56;116,70;301,12
5,555;1,167;0,981;3,662;187,56;116,70;301,44
5,560;1,162;0,981;3,662;187,56;116,21;301,44
5,565;1,162;0,981;3,662;187,56;116,21;301,44
5,570;1,167;0,986;3,657;187,41;116,70;301,76
5,575;1,162;0,977;3,662;187,56;116,21;301,12
5,580;1,162;0,981;3,657;187,41;116,21;301,44
5,585;1,167;0,977;3,662;187,56;116,70;301,12
5,590;1,162;0,977;3,662;187,56;116,21;301,12
5,595;1,167;0,977;3,657;187,41;116,70;301,12
5,600;1,162;0,977;3,662;187,56;116,21;301,12
5,605;1,167;0,981;3,652;187,25;116,70;301,44
5,610;1,172;0,981;3,662;187,56;117,19;301,44
5,615;1,162;0,977;3,647;187,10;116,21;301,12
5,620;1,162;0,977;3,657;187,41;116,21;301,12
5,625;1,162;0,981;3,652;187,25;116,21;301,44
5,630;1,162;0,991;3,657;187,41;116,21;302,08
5,635;1,162;0,981;3,657;187,41;116,21;301,44
5,640;1,162;0,977;3,657;187,41;116,21;301,12
5,645;1,162;0,981;3,662;187,56;116,21;301,44
5,650;1,162;0,981;3,682;188,17;116,21;301,44
5,655;1,162;0,981;3,657;187,41;116,21;301,44
5,660;1,167;0,981;3,662;187,56;116,70;301,44
5,665;1,162;0,981;3,662;187,56;116,21;301,44
5,670;1,162;0,967;3,657;187,41;116,21;300,49
5,675;1,167;0,977;3,662;187,56;116,70;301,12
5,680;1,162;0,977;3,662;187,56;116,21;301,12
5,685;1,162;0,977;3,657;187,41;116,21;301,12
5,690;1,162;0,977;3,662;187,56;116,21;301,12
5,695;1,162;0,981;3,657;187,41;116,21;301,44
5,700;1,162;0,977;3,657;187,41;116,21;301,12
5,705;1,167;0,981;3,657;187,41;116,70;301,44
5,710;1,157;0,981;3,662;187,56;115,72;301,44
5,715;1,162;0,981;3,662;187,56;116,21;301,44
5,720;1,167;0,977;3,662;187,56;116,70;301,12
5,725;1,157;0,977;3,657;187,41;115,72;301,12
5,730;1,167;0,981;3,657;187,41;116,70;301,44
5,735;1,162;0,981;3,662;187,56;116,21;301,44
5,740;1,162;0,977;3,662;187,56;116,21;301,12
5,745;1,162;0,977;3,657;187,41;116,21;301,12
5,750;1,162;0,977;3,662;187,56;116,21;301,12
5,755;1,162;0,981;3,662;187,56;116,21;301,44
5,760;1,162;0,981;3,657;187,41;116,21;301,44
5,765;1,167;0,981;3,662;187,56;116,70;301,44
5,770;1,162;0,977;3,662;187,56;116,21;301,12
5,775;1,162;0,977;3,657;187,41;116,21;301,12
5,780;1,162;0,981;3,647;187,10;116,21;301,44
5,785;1,162;0,977;3,662;187,56;116,21;301,12
5,790;1,162;0,977;3,662;187,56;116,21;301,12
5,795;1,162;0,977;3,662;187,56;116,21;301,12
5,800;1,162;0,981;3,662;187,56;116,21;301,44
5,805;1,162;0,977;3,662;187,56;116,21;301,12
5,810;1,167;0,981;3,662;187,56;116,70;301,44
5,815;1,162;0,977;3,657;187,41;116,21;301,12
5,820;1,162;0,977;3,657;187,41;116,21;301,12
5,825;1,162;0,981;3,657;187,41;116,21;301,44
5,830;1,162;0,977;3,662;187,56;116,21;301,12
5,835;1,162;0,981;3,662;187,56;116,21;301,44
5,840;1,162;0,981;3,657;187,41;116,21;301,44
5,845;1,162;0,977;3,662;187,56;116,21;301,12
5,850;1,162;0,977;3,657;187,41;116,21;301,12
5,855;1,162;0,981;3,662;187,56;116,21;301,44
5,860;1,162;0,977;3,662;187,56;116,21;301,12
5,865;1,162;0,977;3,657;187,41;116,21;301,12
5,870;1,162;0,977;3,662;187,56;116,21;301,12
5,875;1,162;0,977;3,662;187,56;116,21;301,12
5,880;1,162;0,977;3,662;187,56;116,21;301,12
5,885;1,162;0,977;3,662;187,56;116,21;301,12
5,890;1,162;0,977;3,662;187,56;116,21;301,12
5,895;1,162;0,977;3,662;187,56;116,21;301,12
5,900;1,162;0,977;3,657;187,41;116,21;301,12
5,905;1,162;0,977;3,662;187,56;116,21;301,12
5,910;1,162;0,981;3,657;187,41;116,21;301,44
5,915;1,162;0,981;3,662;187,56;116,21;301,44
5,920;1,162;0,977;3,657;187,41;116,21;301,12
5,925;1,162;0,977;3,662;187,56;116,21;301,12
5,930;1,162;0,977;3,657;187,41;116,21;301,12
5,935;1,162;0,977;3,662;187,56;116,21;301,12
5,940;1,162;0,981;3,662;187,56;116,21;301,44
5,945;1,162;0,981;3,662;187,56;116,21;301,44
5,950;1,162;0,977;3,657;187,41;116,21;301,12
5,955;1,162;0,977;3,657;187,41;116,21;301,12
5,960;1,162;0,977;3,662;187,56;116,21;301,12
5,965;1,167;0,977;3,657;187,41;116,70;301,12
5,970;1,162;0,977;3,657;187,41;116,21;301,12
5,975;1,162;0,977;3,662;187,56;116,21;301,12
5,980;1,162;0,977;3,652;187,25;116,21;301,12
5,985;1,162;0,977;3,657;187,41;116,21;301,12
5,990;1,162;0,977;3,657;187,41;116,21;301,12
5,995;1,162;0,977;3,657;187,41;116,21;301,12
6,000;1,167;0,977;3,662;187,56;116,70;301,12
6,005;1,162;0,981;3,662;187,56;116,21;301,44
6,010;1,162;0,977;3,657;187,41;116,21;301,12
6,015;1,162;0,981;3,662;187,56;116,21;301,44
6,020;1,167;0,977;3,662;187,56;116,70;301,12
6,025;1,162;0,977;3,657;187,41;116,21;301,12
6,030;1,162;0,977;3,662;187,56;116,21;301,12
6,035;1,162;0,977;3,657;187,41;116,21;301,12
6,040;1,157;0,977;3,662;187,56;115,72;301,12
6,045;1,162;0,977;3,657;187,41;116,21;301,12
6,050;1,162;0,981;3,662;187,56;116,21;301,44
6,055;1,162;0,977;3,662;187,56;116,21;301,12
6,060;1,162;0,977;3,672;187,86;116,21;301,12
6,065;1,167;0,977;3,657;187,41;116,70;301,12
6,070;1,167;0,977;3,662;187,56;116,70;301,12
6,075;1,162;0,977;3,662;187,56;116,21;301,12
6,080;1,162;0,977;3,662;187,56;116,21;301,12
6,085;1,162;0,977;3,662;187,56;116,21;301,12
6,090;1,162;0,977;3,657;187,41;116,21;301,12
6,095;1,162;0,977;3,662;187,56;116,21;301,12
6,100;1,162;0,977;3,657;187,41;116,21;301,12
6,105;1,162;0,977;3,662;187,56;116,21;301,12
6,110;1,167;0,977;3,657;187,41;116,70;301,12
6,115;1,162;0,977;3,662;187,56;116,21;301,12
6,120;1,157;0,977;3,662;187,56;115,72;301,12
6,125;1,162;0,977;3,662;187,56;116,21;301,12
6,130;1,162;0,977;3,662;187,56;116,21;301,12
6,135;1,162;0,977;3,662;187,56;116,21;301,12
6,140;1,157;0,977;3,662;187,56;115,72;301,12
6,145;1,162;0,977;3,662;187,56;116,21;301,12
6,150;1,162;0,977;3,652;187,25;116,21;301,12
6,155;1,162;0,977;3,662;187,56;116,21;301,12
6,160;1,167;0,977;3,662;187,56;116,70;301,12
6,165;1,162;0,977;3,657;187,41;116,21;301,12
6,170;1,162;0,981;3,662;187,56;116,21;301,44
6,175;1,162;0,977;3,657;187,41;116,21;301,12
6,180;1,162;0,977;3,657;187,41;116,21;301,12
6,185;1,162;0,967;3,662;187,56;116,21;300,49
6,190;1,162;0,967;3,657;187,41;116,21;300,49
6,195;1,162;0,977;3,657;187,41;116,21;301,12
6,200;1,162;0,977;3,662;187,56;116,21;301,12
6,205;1,162;0,977;3,657;187,41;116,21;301,12
6,210;1,162;0,977;3,662;187,56;116,21;301,12
6,215;1,162;0,977;3,667;187,71;116,21;301,12
6,220;1,157;0,977;3,662;187,56;115,72;301,12
6,225;1,162;0,977;3,643;186,95;116,21;301,12
6,230;1,157;0,981;3,657;187,41;115,72;301,44
6,235;1,162;0,977;3,662;187,56;116,21;301,12
6,240;1,162;0,977;3,657;187,41;116,21;301,12
6,245;1,162;0,977;3,662;187,56;116,21;301,12
6,250;1,162;0,977;3,647;187,10;116,21;301,12
6,255;1,162;0,977;3,657;187,41;116,21;301,12
6,260;1,162;0,977;3,652;187,25;116,21;301,12
6,265;1,157;0,977;3,657;187,41;115,72;301,12
6,270;1,167;0,962;3,662;187,56;116,70;300,17
6,275;1,162;0,977;3,662;187,56;116,21;301,12
6,280;1,162;0,977;3,662;187,56;116,21;301,12
6,285;1,162;0,977;3,662;187,56;116,21;301,12
6,290;1,162;0,977;3,657;187,41;116,21;301,12
6,295;1,162;0,977;3,657;187,41;116,21;301,12
6,300;1,162;0,977;3,657;187,41;116,21;301,12
6,305;1,162;0,977;3,657;187,41;116,21;301,12
6,310;1,162;0,977;3,662;187,56;116,21;301,12
6,315;1,162;0,977;3,657;187,41;116,21;301,12
6,320;1,157;0,977;3,662;187,56;115,72;301,12
6,325;1,162;0,977;3,662;187,56;116,21;301,12
6,330;1,162;0,977;3,662;187,56;116,21;301,12
6,335;1,167;0,977;3,657;187,41;116,70;301,12
6,340;1,162;0,977;3,657;187,41;116,21;301,12
6,345;1,162;0,977;3,662;187,56;116,21;301,12
6,350;1,162;0,977;3,662;187,56;116,21;301,12
6,355;1,162;0,977;3,662;187,56;116,21;301,12
6,360;1,162;0,977;3,657;187,41;116,21;301,12
6,365;1,157;0,977;3,662;187,56;115,72;301,12
6,370;1,162;0,977;3,657;187,41;116,21;301,12
6,375;1,162;0,977;3,662;187,56;116,21;301,12
6,380;1,162;0,977;3,657;187,41;116,21;301,12
6,385;1,162;0,977;3,657;187,41;116,21;301,12
6,390;1,162;0,977;3,662;187,56;116,21;301,12
6,395;1,162;0,977;3,662;187,56;116,21;301,12
6,400;1,162;0,977;3,662;187,56;116,21;301,12
6,405;1,162;0,977;3,662;187,56;116,21;301,12
6,410;1,157;0,977;3,662;187,56;115,72;301,12
6,415;1,162;0,977;3,662;187,56;116,21;301,12
6,420;1,162;0,977;3,662;187,56;116,21;301,12
6,425;1,162;0,977;3,662;187,56;116,21;301,12
6,430;1,162;0,977;3,662;187,56;116,21;301,12
6,435;1,162;0,977;3,657;187,41;116,21;301,12
6,440;1,162;0,977;3,657;187,41;116,21;301,12
6,445;1,162;0,977;3,657;187,41;116,21;301,12
6,450;1,162;0,977;3,662;187,56;116,21;301,12
6,455;1,157;0,972;3,657;187,41;115,72;300,80
6,460;1,162;0,977;3,657;187,41;116,21;301,12
6,465;1,157;0,977;3,662;187,56;115,72;301,12
6,470;1,162;0,977;3,662;187,56;116,21;301,12
6,475;1,162;0,977;3,662;187,56;116,21;301,12
6,480;1,162;0,977;3,662;187,56;116,21;301,12
6,485;1,162;0,977;3,657;187,41;116,21;301,12
6,490;1,162;0,977;3,662;187,56;116,21;301,12
6,495;1,162;0,977;3,657;187,41;116,21;301,12
6,500;1,162;0,977;3,662;187,56;116,21;301,12
6,505;1,162;0,977;3,657;187,41;116,21;301,12
6,510;1,162;0,977;3,662;187,56;116,21;301,12
6,515;1,162;0,972;3,657;187,41;116,21;300,80
6,520;1,157;0,977;3,657;187,41;115,72;301,12
6,525;1,162;0,977;3,662;187,56;116,21;301,12
6,530;1,162;0,977;3,638;186,80;116,21;301,12
6,535;1,162;0,977;3,657;187,41;116,21;301,12
6,540;1,162;0,977;3,657;187,41;116,21;301,12
6,545;1,157;0,977;3,662;187,56;115,72;301,12
6,550;1,162;0,977;3,662;187,56;116,21;301,12
6,555;1,162;0,977;3,662;187,56;116,21;301,12
6,560;1,162;0,972;3,662;187,56;116,21;300,80
6,565;1,162;0,977;3,662;187,56;116,21;301,12
6,570;1,162;0,972;3,662;187,56;116,21;300,80
6,575;1,162;0,977;3,662;187,56;116,21;301,12
6,580;1,162;0,972;3,657;187,41;116,21;300,80
6,585;1,162;0,977;3,657;187,41;116,21;301,12
6,590;1,157;0,977;3,662;187,56;115,72;301,12
6,595;1,162;0,972;3,657;187,41;116,21;300,80
6,600;1,162;0,972;3,667;187,71;116,21;300,80
6,605;1,162;0,977;3,657;187,41;116,21;301,12
6,610;1,162;0,977;3,662;187,56;116,21;301,12
6,615;1,162;0,972;3,657;187,41;116,21;300,80
6,620;1,167;0,977;3,662;187,56;116,70;301,12
6,625;1,157;0,972;3,657;187,41;115,72;300,80
6,630;1,162;0,977;3,657;187,41;116,21;301,12
6,635;1,157;0,972;3,662;187,56;115,72;300,80
6,640;1,162;0,977;3,657;187,41;116,21;301,12
6,645;1,162;0,977;3,657;187,41;116,21;301,12
6,650;1,162;0,967;3,657;187,41;116,21;300,49
6,655;1,162;0,977;3,662;187,56;116,21;301,12
6,660;1,162;0,967;3,662;187,56;116,21;300,49
6,665;1,162;0,972;3,662;187,56;116,21;300,80
6,670;1,162;0,977;3,662;187,56;116,21;301,12
6,675;1,162;0,972;3,657;187,41;116,21;300,80
6,680;1,157;0,972;3,662;187,56;115,72;300,80
6,685;1,162;0,972;3,657;187,41;116,21;300,80
6,690;1,157;0,967;3,662;187,56;115,72;300,49
6,695;1,162;0,972;3,657;187,41;116,21;300,80
6,700;1,162;0,972;3,662;187,56;116,21;300,80
6,705;1,162;0,967;3,662;187,56;116,21;300,49
6,710;1,162;0,972;3,662;187,56;116,21;300,80
6,715;1,157;0,972;3,662;187,56;115,72;300,80
6,720;1,162;0,972;3,657;187,41;116,21;300,80
6,725;1,157;0,977;3,657;187,41;115,72;301,12
6,730;1,167;0,967;3,662;187,56;116,70;300,49
6,735;1,162;0,972;3,662;187,56;116,21;300,80
6,740;1,167;0,972;3,662;187,56;116,70;300,80
6,745;1,167;0,972;3,662;187,56;116,70;300,80
6,750;1,157;0,967;3,672;187,86;115,72;300,49
6,755;1,162;0,972;3,657;187,41;116,21;300,80
6,760;1,157;0,977;3,662;187,56;115,72;301,12
6,765;1,162;0,967;3,657;187,41;116,21;300,49
6,770;1,162;0,972;3,662;187,56;116,21;300,80
6,775;1,162;0,967;3,662;187,56;116,21;300,49
6,780;1,162;0,967;3,657;187,41;116,21;300,49
6,785;1,162;0,972;3,657;187,41;116,21;300,80
6,790;1,162;0,977;3,662;187,56;116,21;301,12
6,795;1,157;0,967;3,662;187,56;115,72;300,49
6,800;1,162;0,967;3,657;187,41;116,21;300,49
6,805;1,157;0,967;3,657;187,41;115,72;300,49
6,810;1,162;0,967;3,657;187,41;116,21;300,49
6,815;1,162;0,972;3,662;187,56;116,21;300,80
6,820;1,162;0,967;3,657;187,41;116,21;300,49
6,825;1,162;0,967;3,657;187,41;116,21;300,49
6,830;1,162;0,967;3,672;187,86;116,21;300,49
6,835;1,162;0,972;3,672;187,86;116,21;300,80
6,840;1,157;0,967;3,662;187,56;115,72;300,49
6,845;1,162;0,967;3,682;188,17;116,21;300,49
6,850;1,157;0,967;3,677;188,01;115,72;300,49
6,855;1,162;0,967;3,657;187,41;116,21;300,49
6,860;1,162;0,967;3,672;187,86;116,21;300,49
6,865;1,162;0,967;3,657;187,41;116,21;300,49
6,870;1,162;0,967;3,657;187,41;116,21;300,49
6,875;1,162;0,967;3,657;187,41;116,21;300,49
6,880;1,162;0,967;3,662;187,56;116,21;300,49
6,885;1,157;0,967;3,662;187,56;115,72;300,49
6,890;1,162;0,967;3,652;187,25;116,21;300,49
6,895;1,162;0,967;3,657;187,41;116,21;300,49
6,900;1,162;0,967;3,662;187,56;116,21;300,49
6,905;1,157;0,967;3,662;187,56;115,72;300,49
6,910;1,162;0,967;3,662;187,56;116,21;300,49
6,915;1,162;0,967;3,662;187,56;116,21;300,49
6,920;1,162;0,967;3,662;187,56;116,21;300,49
6,925;1,162;0,967;3,657;187,41;116,21;300,49
6,930;1,157;0,967;3,662;187,56;115,72;300,49
6,935;1,162;0,967;3,657;187,41;116,21;300,49
6,940;1,162;0,972;3,662;187,56;116,21;300,80
6,945;1,162;0,967;3,657;187,41;116,21;300,49
6,950;1,162;0,967;3,657;187,41;116,21;300,49
6,955;1,162;0,967;3,657;187,41;116,21;300,49
6,960;1,162;0,967;3,662;187,56;116,21;300,49
6,965;1,157;0,967;3,657;187,41;115,72;300,49
6,970;1,162;0,967;3,657;187,41;116,21;300,49
6,975;1,162;0,967;3,662;187,56;116,21;300,49
6,980;1,162;0,967;3,657;187,41;116,21;300,49
6,985;1,162;0,967;3,662;187,56;116,21;300,49
6,990;1,162;0,967;3,662;187,56;116,21;300,49
6,995;1,162;0,967;3,657;187,41;116,21;300,49
7,000;1,162;0,962;3,662;187,56;116,21;300,17
7,005;1,162;0,967;3,657;187,41;116,21;300,49
7,010;1,157;0,967;3,662;187,56;115,72;300,49
7,015;1,162;0,967;3,657;187,41;116,21;300,49
7,020;1,162;0,967;3,662;187,56;116,21;300,49
7,025;1,162;0,967;3,662;187,56;116,21;300,49
7,030;1,162;0,967;3,662;187,56;116,21;300,49
7,035;1,162;0,967;3,662;187,56;116,21;300,49
7,040;1,162;0,967;3,662;187,56;116,21;300,49
7,045;1,162;0,967;3,662;187,56;116,21;300,49
7,050;1,162;0,967;3,657;187,41;116,21;300,49
7,055;1,157;0,967;3,662;187,56;115,72;300,49
7,060;1,162;0,967;3,657;187,41;116,21;300,49
7,065;1,157;0,967;3,662;187,56;115,72;300,49
7,070;1,162;0,967;3,662;187,56;116,21;300,49
7,075;1,162;0,967;3,662;187,56;116,21;300,49
7,080;1,162;0,967;3,657;187,41;116,21;300,49
7,085;1,162;0,967;3,662;187,56;116,21;300,49
7,090;1,162;0,967;3,662;187,56;116,21;300,49
7,095;1,162;0,967;3,657;187,41;116,21;300,49
7,100;1,157;0,967;3,662;187,56;115,72;300,49
7,105;1,162;0,967;3,657;187,41;116,21;300,49
7,110;1,157;0,967;3,662;187,56;115,72;300,49
7,115;1,162;0,962;3,657;187,41;116,21;300,17
7,120;1,162;0,967;3,657;187,41;116,21;300,49
7,125;1,162;0,967;3,657;187,41;116,21;300,49
7,130;1,162;0,967;3,662;187,56;116,21;300,49
7,135;1,157;0,967;3,662;187,56;115,72;300,49
7,140;1,162;0,967;3,657;187,41;116,21;300,49
7,145;1,157;0,967;3,657;187,41;115,72;300,49
7,150;1,162;0,967;3,657;187,41;116,21;300,49
7,155;1,157;0,967;3,657;187,41;115,72;300,49
7,160;1,162;0,967;3,657;187,41;116,21;300,49
7,165;1,162;0,967;3,662;187,56;116,21;300,49
7,170;1,162;0,967;3,662;187,56;116,21;300,49
7,175;1,162;0,967;3,657;187,41;116,21;300,49
7,180;1,157;0,967;3,662;187,56;115,72;300,49
7,185;1,162;0,967;3,657;187,41;116,21;300,49
7,190;1,162;0,967;3,662;187,56;116,21;300,49
7,195;1,157;0,967;3,662;187,56;115,72;300,49
7,200;1,162;0,967;3,662;187,56;116,21;300,49
7,205;1,162;0,967;3,662;187,56;116,21;300,49
7,210;1,162;0,967;3,657;187,41;116,21;300,49
7,215;1,162;0,962;3,662;187,56;116,21;300,17
7,220;1,162;0,967;3,662;187,56;116,21;300,49
7,225;1,157;0,967;3,657;187,41;115,72;300,49
7,230;1,162;0,967;3,657;187,41;116,21;300,49
7,235;1,162;0,967;3,662;187,56;116,21;300,49
7,240;1,157;0,967;3,662;187,56;115,72;300,49
7,245;1,162;0,967;3,662;187,56;116,21;300,49
7,250;1,162;0,967;3,662;187,56;116,21;300,49
7,255;1,162;0,967;3,662;187,56;116,21;300,49
7,260;1,157;0,967;3,657;187,41;115,72;300,49
7,265;1,162;0,967;3,657;187,41;116,21;300,49
7,270;1,157;0,967;3,662;187,56;115,72;300,49
7,275;1,162;0,967;3,657;187,41;116,21;300,49
7,280;1,162;0,967;3,662;187,56;116,21;300,49
7,285;1,162;0,967;3,662;187,56;116,21;300,49
7,290;1,162;0,967;3,662;187,56;116,21;300,49
7,295;1,162;0,967;3,662;187,56;116,21;300,49
7,300;1,162;0,967;3,652;187,25;116,21;300,49
7,305;1,157;0,967;3,662;187,56;115,72;300,49
7,310;1,162;0,967;3,657;187,41;116,21;300,49
7,315;1,162;0,967;3,657;187,41;116,21;300,49
7,320;1,162;0,962;3,657;187,41;116,21;300,17
7,325;1,157;0,967;3,662;187,56;115,72;300,49
7,330;1,162;0,962;3,662;187,56;116,21;300,17
7,335;1,162;0,967;3,662;187,56;116,21;300,49
7,340;1,167;0,967;3,657;187,41;116,70;300,49
7,345;1,162;0,967;3,662;187,56;116,21;300,49
7,350;1,157;0,967;3,657;187,41;115,72;300,49
7,355;1,162;0,962;3,657;187,41;116,21;300,17
7,360;1,157;0,967;3,662;187,56;115,72;300,49
7,365;1,162;0,967;3,662;187,56;116,21;300,49
7,370;1,162;0,967;3,662;187,56;116,21;300,49
7,375;1,162;0,962;3,662;187,56;116,21;300,17
7,380;1,162;0,967;3,657;187,41;116,21;300,49
7,385;1,157;0,962;3,662;187,56;115,72;300,17
7,390;1,162;0,962;3,657;187,41;116,21;300,17
7,395;1,157;0,962;3,662;187,56;115,72;300,17
7,400;1,162;0,962;3,657;187,41;116,21;300,17
7,405;1,157;0,972;3,662;187,56;115,72;300,80
7,410;1,157;0,967;3,662;187,56;115,72;300,49
7,415;1,157;0,967;3,662;187,56;115,72;300,49
7,420;1,157;0,967;3,662;187,56;115,72;300,49
7,425;1,162;0,967;3,657;187,41;116,21;300,49
7,430;1,157;0,962;3,672;187,86;115,72;300,17
7,435;1,162;0,962;3,662;187,56;116,21;300,17
7,440;1,157;0,967;3,657;187,41;115,72;300,49
7,445;1,162;0,962;3,696;188,62;116,21;300,17
7,450;1,162;0,962;3,691;188,47;116,21;300,17
7,455;1,162;0,967;3,662;187,56;116,21;300,49
7,460;1,162;0,967;3,657;187,41;116,21;300,49
7,465;1,157;0,967;3,662;187,56;115,72;300,49
7,470;1,162;0,977;3,657;187,41;116,21;301,12
7,475;1,157;0,967;3,657;187,41;115,72;300,49
7,480;1,162;0,962;3,657;187,41;116,21;300,17
7,485;1,162;0,967;3,657;187,41;116,21;300,49
7,490;1,162;0,967;3,662;187,56;116,21;300,49
7,495;1,162;0,967;3,662;187,56;116,21;300,49
7,500;1,157;0,962;3,662;187,56;115,72;300,17
7,505;1,162;0,962;3,662;187,56;116,21;300,17
7,510;1,157;0,962;3,667;187,71;115,72;300,17
7,515;1,162;0,962;3,657;187,41;116,21;300,17
7,520;1,157;0,962;3,662;187,56;115,72;300,17
7,525;1,162;0,962;3,662;187,56;116,21;300,17
7,530;1,157;0,962;3,662;187,56;115,72;300,17
7,535;1,162;0,962;3,662;187,56;116,21;300,17
7,540;1,157;0,962;3,662;187,56;115,72;300,17
7,545;1,157;0,967;3,657;187,41;115,72;300,49
7,550;1,162;0,952;3,662;187,56;116,21;299,53
7,555;1,157;0,967;3,657;187,41;115,72;300,49
7,560;1,162;0,962;3,657;187,41;116,21;300,17
7,565;1,157;0,962;3,662;187,56;115,72;300,17
7,570;1,162;0,962;3,662;187,56;116,21;300,17
7,575;1,162;0,962;3,662;187,56;116,21;300,17
7,580;1,157;0,962;3,662;187,56;115,72;300,17
7,585;1,162;0,962;3,657;187,41;116,21;300,17
7,590;1,162;0,962;3,657;187,41;116,21;300,17
7,595;1,162;0,962;3,657;187,41;116,21;300,17
7,600;1,157;0,962;3,662;187,56;115,72;300,17
7,605;1,157;0,962;3,662;187,56;115,72;300,17
7,610;1,162;0,962;3,662;187,56;116,21;300,17
7,615;1,162;0,962;3,662;187,56;116,21;300,17
7,620;1,162;0,962;3,667;187,71;116,21;300,17
7,625;1,157;0,967;3,657;187,41;115,72;300,49
7,630;1,162;0,962;3,662;187,56;116,21;300,17
7,635;1,157;0,962;3,662;187,56;115,72;300,17
7,640;1,162;0,962;3,662;187,56;116,21;300,17
7,645;1,157;0,962;3,662;187,56;115,72;300,17
7,650;1,162;0,962;3,657;187,41;116,21;300,17
7,655;1,162;0,962;3,662;187,56;116,21;300,17
7,660;1,162;0,962;3,657;187,41;116,21;300,17
7,665;1,157;0,967;3,657;187,41;115,72;300,49
7,670;1,157;0,962;3,657;187,41;115,72;300,17
7,675;1,162;0,962;3,662;187,56;116,21;300,17
7,680;1,157;0,962;3,662;187,56;115,72;300,17
7,685;1,162;0,962;3,657;187,41;116,21;300,17
7,690;1,157;0,962;3,662;187,56;115,72;300,17
7,695;1,162;0,962;3,652;187,25;116,21;300,17
7,700;1,162;0,962;3,662;187,56;116,21;300,17
7,705;1,162;0,962;3,662;187,56;116,21;300,17
7,710;1,162;0,962;3,662;187,56;116,21;300,17
7,715;1,157;0,962;3,662;187,56;115,72;300,17
7,720;1,162;0,962;3,662;187,56;116,21;300,17
7,725;1,157;0,967;3,657;187,41;115,72;300,49
7,730;1,162;0,962;3,657;187,41;116,21;300,17
7,735;1,162;0,962;3,662;187,56;116,21;300,17
7,740;1,162;0,962;3,657;187,41;116,21;300,17
7,745;1,162;0,962;3,662;187,56;116,21;300,17
7,750;1,162;0,957;3,662;187,56;116,21;299,85
7,755;1,162;0,962;3,657;187,41;116,21;300,17
7,760;1,157;0,962;3,662;187,56;115,72;300,17
7,765;1,162;0,962;3,662;187,56;116,21;300,17
7,770;1,157;0,962;3,657;187,41;115,72;300,17
7,775;1,157;0,962;3,657;187,41;115,72;300,17
7,780;1,162;0,962;3,657;187,41;116,21;300,17
7,785;1,157;0,962;3,657;187,41;115,72;300,17
7,790;1,162;0,967;3,657;187,41;116,21;300,49
7,795;1,157;0,962;3,662;187,56;115,72;300,17
7,800;1,162;0,962;3,657;187,41;116,21;300,17
7,805;1,157;0,962;3,662;187,56;115,72;300,17
7,810;1,162;0,957;3,657;187,41;116,21;299,85
7,815;1,162;0,962;3,662;187,56;116,21;300,17
7,820;1,162;0,962;3,657;187,41;116,21;300,17
7,825;1,157;0,962;3,662;187,56;115,72;300,17
7,830;1,157;0,967;3,662;187,56;115,72;300,49
7,835;1,162;0,957;3,647;187,10;116,21;299,85
7,840;1,152;0,962;3,662;187,56;115,23;300,17
7,845;1,162;0,962;3,657;187,41;116,21;300,17
7,850;1,157;0,962;3,657;187,41;115,72;300,17
7,855;1,162;0,957;3,662;187,56;116,21;299,85
7,860;1,162;0,962;3,662;187,56;116,21;300,17
7,865;1,157;0,962;3,657;187,41;115,72;300,17
7,870;1,162;0,962;3,657;187,41;116,21;300,17
7,875;1,157;0,962;3,657;187,41;115,72;300,17
7,880;1,162;0,957;3,662;187,56;116,21;299,85
7,885;1,157;0,962;3,662;187,56;115,72;300,17
7,890;1,162;0,957;3,662;187,56;116,21;299,85
7,895;1,157;0,962;3,662;187,56;115,72;300,17
7,900;1,162;0,962;3,662;187,56;116,21;300,17
7,905;1,162;0,962;3,662;187,56;116,21;300,17
7,910;1,157;0,962;3,657;187,41;115,72;300,17
7,915;1,162;0,962;3,662;187,56;116,21;300,17
7,920;1,157;0,957;3,657;187,41;115,72;299,85
7,925;1,162;0,962;3,657;187,41;116,21;300,17
7,930;1,157;0,962;3,662;187,56;115,72;300,17
7,935;1,157;0,962;3,662;187,56;115,72;300,17
7,940;1,162;0,962;3,662;187,56;116,21;300,17
7,945;1,162;0,962;3,662;187,56;116,21;300,17
7,950;1,157;0,962;3,652;187,25;115,72;300,17
7,955;1,157;0,962;3,662;187,56;115,72;300,17
7,960;1,167;0,962;3,657;187,41;116,70;300,17
7,965;1,157;0,957;3,662;187,56;115,72;299,85
7,970;1,162;0,962;3,662;187,56;116,21;300,17
7,975;1,162;0,962;3,657;187,41;116,21;300,17
7,980;1,157;0,957;3,662;187,56;115,72;299,85
7,985;1,162;0,957;3,657;187,41;116,21;299,85
7,990;1,157;0,957;3,662;187,56;115,72;299,85
7,995;1,162;0,957;3,657;187,41;116,21;299,85
8,000;1,157;0,957;3,662;187,56;115,72;299,85
8,005;1,162;0,957;3,657;187,41;116,21;299,85
8,010;1,162;0,957;3,662;187,56;116,21;299,85
8,015;1,162;0,957;3,662;187,56;116,21;299,85
8,020;1,162;0,957;3,657;187,41;116,21;299,85
8,025;1,157;0,972;3,662;187,56;115,72;300,80
8,030;1,157;0,957;3,652;187,25;115,72;299,85
8,035;1,157;0,957;3,657;187,41;115,72;299,85
8,040;1,162;0,957;3,662;187,56;116,21;299,85
8,045;1,157;0,957;3,662;187,56;115,72;299,85
8,050;1,162;0,957;3,643;186,95;116,21;299,85
8,055;1,157;0,962;3,643;186,95;115,72;300,17
8,060;1,157;0,962;3,657;187,41;115,72;300,17
8,065;1,162;0,957;3,687;188,32;116,21;299,85
8,070;1,157;0,962;3,662;187,56;115,72;300,17
8,075;1,157;0,962;3,657;187,41;115,72;300,17
8,080;1,162;0,962;3,662;187,56;116,21;300,17
8,085;1,162;0,957;3,657;187,41;116,21;299,85
8,090;1,162;0,962;3,657;187,41;116,21;300,17
8,095;1,157;0,957;3,662;187,56;115,72;299,85
8,100;1,157;0,957;3,657;187,41;115,72;299,85
8,105;1,157;0,962;3,662;187,56;115,72;300,17
8,110;1,162;0,957;3,667;187,71;116,21;299,85
8,115;1,162;0,962;3,657;187,41;116,21;300,17
8,120;1,162;0,957;3,662;187,56;116,21;299,85
8,125;1,162;0,962;3,662;187,56;116,21;300,17
8,130;1,157;0,957;3,662;187,56;115,72;299,85
8,135;1,157;0,962;3,657;187,41;115,72;300,17
8,140;1,157;0,957;3,662;187,56;115,72;299,85
8,145;1,162;0,957;3,657;187,41;116,21;299,85
8,150;1,157;0,962;3,662;187,56;115,72;300,17
8,155;1,162;0,957;3,657;187,41;116,21;299,85
8,160;1,162;0,962;3,662;187,56;116,21;300,17
8,165;1,157;0,957;3,662;187,56;115,72;299,85
8,170;1,157;0,962;3,662;187,56;115,72;300,17
8,175;1,157;0,957;3,662;187,56;115,72;299,85
8,180;1,157;0,957;3,657;187,41;115,72;299,85
8,185;1,157;0,957;3,662;187,56;115,72;299,85
8,190;1,162;0,957;3,662;187,56;116,21;299,85
8,195;1,157;0,957;3,662;187,56;115,72;299,85
8,200;1,157;0,957;3,662;187,56;115,72;299,85
8,205;1,162;0,962;3,662;187,56;116,21;300,17
8,210;1,157;0,972;3,662;187,56;115,72;300,80
8,215;1,162;0,962;3,657;187,41;116,21;300,17
8,220;1,147;0,957;3,662;187,56;114,75;299,85
8,225;1,157;0,962;3,657;187,41;115,72;300,17
8,230;1,157;0,962;3,662;187,56;115,72;300,17
8,235;1,162;0,957;3,662;187,56;116,21;299,85
8,240;1,157;0,977;3,662;187,56;115,72;301,12
8,245;1,157;0,962;3,662;187,56;115,72;300,17
8,250;1,157;0,962;3,662;187,56;115,72;300,17
8,255;1,157;0,957;3,662;187,56;115,72;299,85
8,260;1,162;0,957;3,657;187,41;116,21;299,85
8,265;1,157;0,957;3,662;187,56;115,72;299,85
8,270;1,157;0,957;3,657;187,41;115,72;299,85
8,275;1,162;0,957;3,662;187,56;116,21;299,85
8,280;1,157;0,957;3,657;187,41;115,72;299,85
8,285;1,162;0,957;3,657;187,41;116,21;299,85
8,290;1,157;0,957;3,657;187,41;115,72;299,85
8,295;1,157;0,957;3,662;187,56;115,72;299,85
8,300;1,162;0,957;3,662;187,56;116,21;299,85
8,305;1,162;0,957;3,662;187,56;116,21;299,85
8,310;1,162;0,957;3,657;187,41;116,21;299,85
8,315;1,157;0,962;3,662;187,56;115,72;300,17
8,320;1,162;0,957;3,657;187,41;116,21;299,85
8,325;1,157;0,962;3,662;187,56;115,72;300,17
8,330;1,157;0,957;3,657;187,41;115,72;299,85
8,335;1,157;0,957;3,657;187,41;115,72;299,85
8,340;1,162;0,957;3,657;187,41;116,21;299,85
8,345;1,157;0,962;3,657;187,41;115,72;300,17
8,350;1,162;0,962;3,662;187,56;116,21;300,17
8,355;1,162;0,962;3,677;188,01;116,21;300,17
8,360;1,157;0,962;3,657;187,41;115,72;300,17
8,365;1,157;0,957;3,657;187,41;115,72;299,85
8,370;1,157;0,962;3,662;187,56;115,72;300,17
8,375;1,162;0,957;3,657;187,41;116,21;299,85
8,380;1,162;0,962;3,662;187,56;116,21;300,17
8,385;1,157;0,957;3,662;187,56;115,72;299,85
8,390;1,157;0,957;3,662;187,56;115,72;299,85
8,395;1,157;0,957;3,662;187,56;115,72;299,85
8,400;1,162;0,957;3,657;187,41;116,21;299,85
8,405;1,157;0,957;3,657;187,41;115,72;299,85
8,410;1,162;0,957;3,657;187,41;116,21;299,85
8,415;1,162;0,957;3,662;187,56;116,21;299,85
8,420;1,157;0,957;3,662;187,56;115,72;299,85
8,425;1,162;0,957;3,657;187,41;116,21;299,85
8,430;1,157;0,957;3,662;187,56;115,72;299,85
8,435;1,157;0,957;3,662;187,56;115,72;299,85
8,440;1,157;0,957;3,662;187,56;115,72;299,85
8,445;1,157;0,957;3,657;187,41;115,72;299,85
8,450;1,157;0,957;3,662;187,56;115,72;299,85
8,455;1,157;0,957;3,662;187,56;115,72;299,85
8,460;1,157;0,957;3,662;187,56;115,72;299,85
8,465;1,157;0,957;3,662;187,56;115,72;299,85
8,470;1,157;0,957;3,662;187,56;115,72;299,85
8,475;1,157;0,957;3,662;187,56;115,72;299,85
8,480;1,157;0,957;3,662;187,56;115,72;299,85
8,485;1,162;0,957;3,662;187,56;116,21;299,85
8,490;1,152;0,957;3,662;187,56;115,23;299,85
8,495;1,162;0,957;3,657;187,41;116,21;299,85
8,500;1,157;0,962;3,662;187,56;115,72;300,17
8,505;1,157;0,957;3,657;187,41;115,72;299,85
8,510;1,157;0,957;3,662;187,56;115,72;299,85
8,515;1,157;0,957;3,662;187,56;115,72;299,85
8,520;1,162;0,957;3,662;187,56;116,21;299,85
8,525;1,152;0,957;3,657;187,41;115,23;299,85
8,530;1,162;0,957;3,657;187,41;116,21;299,85
8,535;1,162;0,957;3,662;187,56;116,21;299,85
8,540;1,162;0,957;3,662;187,56;116,21;299,85
8,545;1,167;0,957;3,657;187,41;116,70;299,85
8,550;1,152;0,957;3,662;187,56;115,23;299,85
8,555;1,157;0,957;3,657;187,41;115,72;299,85
8,560;1,152;0,957;3,662;187,56;115,23;299,85
8,565;1,157;0,957;3,662;187,56;115,72;299,85
8,570;1,157;0,957;3,662;187,56;115,72;299,85
8,575;1,157;0,957;3,662;187,56;115,72;299,85
8,580;1,162;0,957;3,657;187,41;116,21;299,85
8,585;1,152;0,957;3,662;187,56;115,23;299,85
8,590;1,162;0,957;3,657;187,41;116,21;299,85
8,595;1,162;0,962;3,662;187,56;116,21;300,17
8,600;1,162;0,947;3,662;187,56;116,21;299,21
8,605;1,157;0,957;3,657;187,41;115,72;299,85
8,610;1,157;0,962;3,657;187,41;115,72;300,17
8,615;1,162;0,957;3,657;187,41;116,21;299,85
8,620;1,157;0,957;3,662;187,56;115,72;299,85
8,625;1,162;0,962;3,662;187,56;116,21;300,17
8,630;1,162;0,957;3,667;187,71;116,21;299,85
8,635;1,157;0,962;3,657;187,41;115,72;300,17
8,640;1,162;0,957;3,657;187,41;116,21;299,85
8,645;1,152;0,952;3,657;187,41;115,23;299,53
8,650;1,162;0,957;3,672;187,86;116,21;299,85
8,655;1,157;0,957;3,657;187,41;115,72;299,85
8,660;1,157;0,957;3,662;187,56;115,72;299,85
8,665;1,157;0,957;3,672;187,86;115,72;299,85
8,670;1,157;0,957;3,662;187,56;115,72;299,85
8,675;1,157;0,957;3,657;187,41;115,72;299,85
8,680;1,152;0,957;3,662;187,56;115,23;299,85
8,685;1,162;0,957;3,662;187,56;116,21;299,85
8,690;1,162;0,957;3,662;187,56;116,21;299,85
8,695;1,162;0,957;3,662;187,56;116,21;299,85
8,700;1,162;0,957;3,657;187,41;116,21;299,85
8,705;1,157;0,957;3,657;187,41;115,72;299,85
8,710;1,157;0,962;3,662;187,56;115,72;300,17
8,715;1,157;0,957;3,662;187,56;115,72;299,85
8,720;1,162;0,957;3,657;187,41;116,21;299,85
8,725;1,157;0,957;3,662;187,56;115,72;299,85
8,730;1,157;0,957;3,657;187,41;115,72;299,85
8,735;1,157;0,962;3,657;187,41;115,72;300,17
8,740;1,157;0,957;3,662;187,56;115,72;299,85
8,745;1,157;0,957;3,657;187,41;115,72;299,85
8,750;1,157;0,957;3,662;187,56;115,72;299,85
8,755;1,162;0,957;3,657;187,41;116,21;299,85
8,760;1,162;0,957;3,662;187,56;116,21;299,85
8,765;1,157;0,957;3,662;187,56;115,72;299,85
8,770;1,162;0,957;3,657;187,41;116,21;299,85
8,775;1,157;0,962;3,662;187,56;115,72;300,17
8,780;1,162;0,957;3,657;187,41;116,21;299,85
8,785;1,157;0,957;3,662;187,56;115,72;299,85
8,790;1,157;0,957;3,672;187,86;115,72;299,85
8,795;1,157;0,957;3,662;187,56;115,72;299,85
8,800;1,162;0,957;3,662;187,56;116,21;299,85
8,805;1,157;0,957;3,657;187,41;115,72;299,85
8,810;1,157;0,957;3,662;187,56;115,72;299,85
8,815;1,162;0,957;3,657;187,41;116,21;299,85
8,820;1,157;0,957;3,662;187,56;115,72;299,85
8,825;1,157;0,957;3,662;187,56;115,72;299,85
8,830;1,157;0,957;3,657;187,41;115,72;299,85
8,835;1,162;0,957;3,662;187,56;116,21;299,85
8,840;1,157;0,957;3,657;187,41;115,72;299,85
8,845;1,157;0,957;3,657;187,41;115,72;299,85
8,850;1,162;0,957;3,662;187,56;116,21;299,85
8,855;1,157;0,957;3,662;187,56;115,72;299,85
8,860;1,162;0,957;3,687;188,32;116,21;299,85
8,865;1,162;0,957;3,662;187,56;116,21;299,85
8,870;1,167;0,957;3,662;187,56;116,70;299,85
8,875;1,162;0,957;3,657;187,41;116,21;299,85
8,880;1,157;0,957;3,657;187,41;115,72;299,85
8,885;1,157;0,957;3,662;187,56;115,72;299,85
8,890;1,157;0,957;3,662;187,56;115,72;299,85
8,895;1,157;0,957;3,657;187,41;115,72;299,85
8,900;1,157;0,957;3,657;187,41;115,72;299,85
8,905;1,157;0,957;3,662;187,56;115,72;299,85
8,910;1,162;0,957;3,662;187,56;116,21;299,85
8,915;1,157;0,957;3,662;187,56;115,72;299,85
8,920;1,162;0,957;3,657;187,41;116,21;299,85
8,925;1,162;0,957;3,662;187,56;116,21;299,85
8,930;1,157;0,957;3,662;187,56;115,72;299,85
8,935;1,162;0,957;3,657;187,41;116,21;299,85
8,940;1,157;0,957;3,662;187,56;115,72;299,85
8,945;1,157;0,957;3,657;187,41;115,72;299,85
8,950;1,157;0,957;3,662;187,56;115,72;299,85
8,955;1,157;0,957;3,657;187,41;115,72;299,85
8,960;1,162;0,957;3,662;187,56;116,21;299,85
8,965;1,157;0,957;3,657;187,41;115,72;299,85
8,970;1,162;0,957;3,657;187,41;116,21;299,85
8,975;1,152;0,957;3,662;187,56;115,23;299,85
8,980;1,162;0,957;3,662;187,56;116,21;299,85
8,985;1,157;0,957;3,657;187,41;115,72;299,85
8,990;1,157;0,962;3,662;187,56;115,72;300,17
8,995;1,162;0,957;3,662;187,56;116,21;299,85
9,000;1,157;0,957;3,662;187,56;115,72;299,85
9,005;1,157;0,957;3,657;187,41;115,72;299,85
9,010;1,157;0,957;3,662;187,56;115,72;299,85
9,015;1,157;0,957;3,662;187,56;115,72;299,85
9,020;1,157;0,962;3,662;187,56;115,72;300,17
9,025;1,162;0,957;3,662;187,56;116,21;299,85
9,030;1,157;0,957;3,662;187,56;115,72;299,85
9,035;1,157;0,957;3,662;187,56;115,72;299,85
9,040;1,157;0,957;3,657;187,41;115,72;299,85
9,045;1,157;0,957;3,662;187,56;115,72;299,85
9,050;1,157;0,957;3,662;187,56;115,72;299,85
9,055;1,157;0,967;3,662;187,56;115,72;300,49
9,060;1,162;0,957;3,662;187,56;116,21;299,85
9,065;1,157;0,957;3,662;187,56;115,72;299,85
9,070;1,157;0,957;3,662;187,56;115,72;299,85
9,075;1,162;0,957;3,662;187,56;116,21;299,85
9,080;1,157;0,957;3,662;187,56;115,72;299,85
9,085;1,157;0,957;3,657;187,41;115,72;299,85
9,090;1,157;0,957;3,662;187,56;115,72;299,85
9,095;1,157;0,957;3,662;187,56;115,72;299,85
9,100;1,157;0,957;3,662;187,56;115,72;299,85
9,105;1,157;0,957;3,657;187,41;115,72;299,85
9,110;1,162;0,957;3,657;187,41;116,21;299,85
9,115;1,157;0,957;3,657;187,41;115,72;299,85
9,120;1,157;0,957;3,657;187,41;115,72;299,85
9,125;1,157;0,957;3,662;187,56;115,72;299,85
9,130;1,157;0,957;3,657;187,41;115,72;299,85
9,135;1,162;0,957;3,657;187,41;116,21;299,85
9,140;1,157;0,957;3,662;187,56;115,72;299,85
9,145;1,162;0,957;3,662;187,56;116,21;299,85
9,150;1,157;0,957;3,662;187,56;115,72;299,85
9,155;1,162;0,957;3,662;187,56;116,21;299,85
9,160;1,152;0,957;3,662;187,56;115,23;299,85
9,165;1,157;0,957;3,662;187,56;115,72;299,85
9,170;1,162;0,957;3,657;187,41;116,21;299,85
9,175;1,157;0,957;3,662;187,56;115,72;299,85
9,180;1,162;0,957;3,657;187,41;116,21;299,85
9,185;1,157;0,957;3,662;187,56;115,72;299,85
9,190;1,162;0,957;3,657;187,41;116,21;299,85
9,195;1,157;0,957;3,657;187,41;115,72;299,85
9,200;1,157;0,957;3,662;187,56;115,72;299,85
9,205;1,157;0,947;3,662;187,56;115,72;299,21
9,210;1,162;0,957;3,662;187,56;116,21;299,85
9,215;1,157;0,957;3,657;187,41;115,72;299,85
9,220;1,152;0,947;3,662;187,56;115,23;299,21
9,225;1,157;0,957;3,657;187,41;115,72;299,85
9,230;1,157;0,957;3,657;187,41;115,72;299,85
9,235;1,157;0,957;3,657;187,41;115,72;299,85
9,240;1,157;0,957;3,657;187,41;115,72;299,85
9,245;1,152;0,957;3,662;187,56;115,23;299,85
9,250;1,157;0,957;3,647;187,10;115,72;299,85
9,255;1,152;0,957;3,662;187,56;115,23;299,85
9,260;1,162;0,957;3,662;187,56;116,21;299,85
9,265;1,157;0,962;3,662;187,56;115,72;300,17
9,270;1,157;0,957;3,662;187,56;115,72;299,85
9,275;1,157;0,957;3,657;187,41;115,72;299,85
9,280;1,157;0,957;3,662;187,56;115,72;299,85
9,285;1,157;0,957;3,691;188,47;115,72;299,85
9,290;1,157;0,957;3,662;187,56;115,72;299,85
9,295;1,157;0,957;3,657;187,41;115,72;299,85
9,300;1,162;0,957;3,662;187,56;116,21;299,85
9,305;1,157;0,957;3,657;187,41;115,72;299,85
9,310;1,157;0,957;3,657;187,41;115,72;299,85
9,315;1,157;0,957;3,662;187,56;115,72;299,85
9,320;1,162;0,957;3,657;187,41;116,21;299,85
9,325;1,157;0,957;3,662;187,56;115,72;299,85
9,330;1,162;0,957;3,657;187,41;116,21;299,85
9,335;1,157;0,957;3,662;187,56;115,72;299,85
9,340;1,157;0,957;3,657;187,41;115,72;299,85
9,345;1,162;0,957;3,657;187,41;116,21;299,85
9,350;1,152;0,957;3,672;187,86;115,23;299,85
9,355;1,157;0,957;3,657;187,41;115,72;299,85
9,360;1,157;0,957;3,662;187,56;115,72;299,85
9,365;1,157;0,957;3,662;187,56;115,72;299,85
9,370;1,157;0,957;3,662;187,56;115,72;299,85
9,375;1,157;0,957;3,662;187,56;115,72;299,85
9,380;1,157;0,957;3,657;187,41;115,72;299,85
9,385;1,157;0,957;3,657;187,41;115,72;299,85
9,390;1,157;0,957;3,662;187,56;115,72;299,85
9,395;1,162;0,957;3,657;187,41;116,21;299,85
9,400;1,157;0,957;3,662;187,56;115,72;299,85
9,405;1,162;0,957;3,657;187,41;116,21;299,85
9,410;1,157;0,957;3,662;187,56;115,72;299,85
9,415;1,162;0,957;3,657;187,41;116,21;299,85
9,420;1,157;0,957;3,662;187,56;115,72;299,85
9,425;1,157;0,957;3,662;187,56;115,72;299,85
9,430;1,162;0,957;3,657;187,41;116,21;299,85
9,435;1,157;0,957;3,662;187,56;115,72;299,85
9,440;1,162;0,957;3,657;187,41;116,21;299,85
9,445;1,157;0,957;3,662;187,56;115,72;299,85
9,450;1,162;0,957;3,672;187,86;116,21;299,85
9,455;1,157;0,957;3,662;187,56;115,72;299,85
9,460;1,162;0,957;3,657;187,41;116,21;299,85
9,465;1,162;0,957;3,662;187,56;116,21;299,85
9,470;1,157;0,957;3,662;187,56;115,72;299,85
9,475;1,157;0,957;3,657;187,41;115,72;299,85
9,480;1,157;0,957;3,657;187,41;115,72;299,85
9,485;1,157;0,957;3,657;187,41;115,72;299,85
9,490;1,162;0,962;3,657;187,41;116,21;300,17
9,495;1,157;0,957;3,662;187,56;115,72;299,85
9,500;1,157;0,957;3,657;187,41;115,72;299,85
9,505;1,157;0,957;3,662;187,56;115,72;299,85
9,510;1,162;0,957;3,662;187,56;116,21;299,85
9,515;1,157;0,957;3,662;187,56;115,72;299,85
9,520;1,157;0,957;3,657;187,41;115,72;299,85
9,525;1,157;0,957;3,657;187,41;115,72;299,85
9,530;1,147;0,957;3,662;187,56;114,75;299,85
9,535;1,157;0,957;3,662;187,56;115,72;299,85
9,540;1,157;0,957;3,662;187,56;115,72;299,85
9,545;1,157;0,962;3,662;187,56;115,72;300,17
9,550;1,157;0,957;3,657;187,41;115,72;299,85
9,555;1,162;0,957;3,662;187,56;116,21;299,85
9,560;1,157;0,957;3,657;187,41;115,72;299,85
9,565;1,152;0,957;3,662;187,56;115,23;299,85
9,570;1,162;0,957;3,662;187,56;116,21;299,85
9,575;1,152;0,957;3,662;187,56;115,23;299,85
9,580;1,157;0,957;3,657;187,41;115,72;299,85
9,585;1,162;0,957;3,662;187,56;116,21;299,85
9,590;1,157;0,957;3,657;187,41;115,72;299,85
9,595;1,157;0,957;3,662;187,56;115,72;299,85
9,600;1,157;0,957;3,662;187,56;115,72;299,85
9,605;1,157;0,957;3,657;187,41;115,72;299,85
9,610;1,157;0,957;3,657;187,41;115,72;299,85
9,615;1,162;0,957;3,657;187,41;116,21;299,85
9,620;1,157;0,957;3,662;187,56;115,72;299,85
9,625;1,157;0,957;3,657;187,41;115,72;299,85
9,630;1,162;0,957;3,672;187,86;116,21;299,85
9,635;1,152;0,957;3,652;187,25;115,23;299,85
9,640;1,157;0,957;3,657;187,41;115,72;299,85
9,645;1,157;0,957;3,662;187,56;115,72;299,85
9,650;1,157;0,957;3,662;187,56;115,72;299,85
9,655;1,157;0,957;3,657;187,41;115,72;299,85
9,660;1,152;0,957;3,657;187,41;115,23;299,85
9,665;1,157;0,957;3,657;187,41;115,72;299,85
9,670;1,157;0,957;3,662;187,56;115,72;299,85
9,675;1,157;0,947;3,662;187,56;115,72;299,21
9,680;1,157;0,957;3,662;187,56;115,72;299,85
9,685;1,157;0,957;3,662;187,56;115,72;299,85
9,690;1,157;0,957;3,657;187,41;115,72;299,85
9,695;1,157;0,957;3,657;187,41;115,72;299,85
9,700;1,157;0,957;3,662;187,56;115,72;299,85
9,705;1,157;0,957;3,662;187,56;115,72;299,85
9,710;1,157;0,957;3,657;187,41;115,72;299,85
9,715;1,157;0,957;3,657;187,41;115,72;299,85
9,720;1,157;0,957;3,657;187,41;115,72;299,85
9,725;1,157;0,957;3,657;187,41;115,72;299,85
9,730;1,157;0,957;3,657;187,41;115,72;299,85
9,735;1,157;0,957;3,657;187,41;115,72;299,85
9,740;1,157;0,957;3,662;187,56;115,72;299,85
9,745;1,157;0,957;3,662;187,56;115,72;299,85
9,750;1,157;0,957;3,657;187,41;115,72;299,85
9,755;1,162;0,957;3,662;187,56;116,21;299,85
9,760;1,157;0,957;3,662;187,56;115,72;299,85
9,765;1,162;0,957;3,662;187,56;116,21;299,85
9,770;1,157;0,957;3,662;187,56;115,72;299,85
9,775;1,157;0,957;3,662;187,56;115,72;299,85
9,780;1,162;0,957;3,662;187,56;116,21;299,85
9,785;1,157;0,957;3,657;187,41;115,72;299,85
9,790;1,147;0,957;3,662;187,56;114,75;299,85
9,795;1,157;0,957;3,657;187,41;115,72;299,85
9,800;1,157;0,957;3,657;187,41;115,72;299,85
9,805;1,152;0,952;3,662;187,56;115,23;299,53
9,810;1,157;0,952;3,657;187,41;115,72;299,53
9,815;1,157;0,957;3,662;187,56;115,72;299,85
9,820;1,157;0,947;3,662;187,56;115,72;299,21
9,825;1,157;0,957;3,662;187,56;115,72;299,85
9,830;1,157;0,962;3,657;187,41;115,72;300,17
9,835;1,162;0,957;3,657;187,41;116,21;299,85
9,840;1,157;0,957;3,657;187,41;115,72;299,85
9,845;1,157;0,957;3,657;187,41;115,72;299,85
9,850;1,157;0,957;3,667;187,71;115,72;299,85
9,855;1,157;0,957;3,662;187,56;115,72;299,85
9,860;1,157;0,957;3,638;186,80;115,72;299,85
9,865;1,152;0,957;3,662;187,56;115,23;299,85
9,870;1,157;0,957;3,647;187,10;115,72;299,85
9,875;1,157;0,957;3,662;187,56;115,72;299,85
9,880;1,157;0,957;3,657;187,41;115,72;299,85
9,885;1,157;0,957;3,643;186,95;115,72;299,85
9,890;1,157;0,957;3,657;187,41;115,72;299,85
9,895;1,157;0,957;3,643;186,95;115,72;299,85
9,900;1,157;0,957;3,662;187,56;115,72;299,85
9,905;1,157;0,957;3,662;187,56;115,72;299,85
9,910;1,157;0,957;3,662;187,56;115,72;299,85
9,915;1,157;0,957;3,662;187,56;115,72;299,85
9,920;1,162;0,957;3,657;187,41;116,21;299,85
9,925;1,157;0,947;3,662;187,56;115,72;299,21
9,930;1,157;0,957;3,657;187,41;115,72;299,85
9,935;1,157;0,957;3,662;187,56;115,72;299,85
9,940;1,157;0,957;3,657;187,41;115,72;299,85
9,945;1,157;0,957;3,662;187,56;115,72;299,85
9,950;1,157;0,957;3,657;187,41;115,72;299,85
9,955;1,157;0,957;3,657;187,41;115,72;299,85
9,960;1,157;0,957;3,662;187,56;115,72;299,85
9,965;1,152;0,957;3,662;187,56;115,23;299,85
9,970;1,157;0,957;3,662;187,56;115,72;299,85
9,975;1,157;0,957;3,662;187,56;115,72;299,85
9,980;1,157;0,957;3,657;187,41;115,72;299,85
9,985;1,157;0,957;3,657;187,41;115,72;299,85
9,990;1,157;0,957;3,657;187,41;115,72;299,85
9,995;1,152;0,957;3,662;187,56;115,23;299,85
10,000;1,162;0,957;3,657;187,41;116,21;299,85
10,005;1,157;0,957;3,657;187,41;115,72;299,85
10,010;1,157;0,957;3,657;187,41;115,72;299,85
10,015;1,157;0,962;3,657;187,41;115,72;300,17
10,020;1,152;0,957;3,662;187,56;115,23;299,85
10,025;1,157;0,957;3,662;187,56;115,72;299,85
10,030;1,157;0,957;3,662;187,56;115,72;299,85
10,035;1,157;0,957;3,657;187,41;115,72;299,85
10,040;1,157;0,957;3,657;187,41;115,72;299,85
10,045;1,157;0,957;3,657;187,41;115,72;299,85
10,050;1,157;0,952;3,657;187,41;115,72;299,53
10,055;1,157;0,957;3,662;187,56;115,72;299,85
10,060;1,157;0,957;3,662;187,56;115,72;299,85
10,065;1,157;0,957;3,657;187,41;115,72;299,85
10,070;1,152;0,957;3,672;187,86;115,23;299,85
10,075;1,157;0,957;3,657;187,41;115,72;299,85
10,080;1,157;0,957;3,662;187,56;115,72;299,85
10,085;1,157;0,957;3,657;187,41;115,72;299,85
10,090;1,157;0,957;3,657;187,41;115,72;299,85
10,095;1,157;0,957;3,657;187,41;115,72;299,85
10,100;1,157;0,957;3,643;186,95;115,72;299,85
10,105;1,157;0,957;3,662;187,56;115,72;299,85
10,110;1,157;0,952;3,657;187,41;115,72;299,53
10,115;1,162;0,957;3,657;187,41;116,21;299,85
10,120;1,152;0,957;3,662;187,56;115,23;299,85
10,125;1,157;0,957;3,657;187,41;115,72;299,85
10,130;1,152;0,957;3,662;187,56;115,23;299,85
10,135;1,157;0,957;3,657;187,41;115,72;299,85
10,140;1,157;0,957;3,657;187,41;115,72;299,85
10,145;1,157;0,957;3,662;187,56;115,72;299,85
10,150;1,157;0,957;3,662;187,56;115,72;299,85
10,155;1,157;0,957;3,662;187,56;115,72;299,85
10,160;1,157;0,957;3,657;187,41;115,72;299,85
10,165;1,157;0,957;3,667;187,71;115,72;299,85
10,170;1,157;0,957;3,662;187,56;115,72;299,85
10,175;1,157;0,957;3,657;187,41;115,72;299,85
10,180;1,157;0,957;3,657;187,41;115,72;299,85
10,185;1,157;0,957;3,657;187,41;115,72;299,85
10,190;1,152;0,957;3,662;187,56;115,23;299,85
10,195;1,157;0,957;3,657;187,41;115,72;299,85
10,200;1,157;0,957;3,662;187,56;115,72;299,85
10,205;1,157;0,957;3,662;187,56;115,72;299,85
10,210;1,157;0,957;3,657;187,41;115,72;299,85
10,215;1,152;0,957;3,662;187,56;115,23;299,85
10,220;1,157;0,957;3,657;187,41;115,72;299,85
10,225;1,152;0,957;3,657;187,41;115,23;299,85
10,230;1,157;0,957;3,662;187,56;115,72;299,85
10,235;1,157;0,957;3,667;187,71;115,72;299,85
10,240;1,157;0,957;3,657;187,41;115,72;299,85
10,245;1,157;0,957;3,657;187,41;115,72;299,85
10,250;1,152;0,957;3,657;187,41;115,23;299,85
10,255;1,157;0,957;3,667;187,71;115,72;299,85
10,260;1,157;0,957;3,662;187,56;115,72;299,85
10,265;1,157;0,957;3,657;187,41;115,72;299,85
10,270;1,157;0,957;3,657;187,41;115,72;299,85
10,275;1,157;0,957;3,662;187,56;115,72;299,85
10,280;1,157;0,957;3,662;187,56;115,72;299,85
10,285;1,152;0,957;3,662;187,56;115,23;299,85
10,290;1,157;0,952;3,657;187,41;115,72;299,53
10,295;1,157;0,957;3,657;187,41;115,72;299,85
10,300;1,157;0,957;3,657;187,41;115,72;299,85
10,305;1,157;0,952;3,662;187,56;115,72;299,53
10,310;1,157;0,957;3,657;187,41;115,72;299,85
10,315;1,157;0,957;3,657;187,41;115,72;299,85
10,320;1,152;0,952;3,662;187,56;115,23;299,53
10,325;1,157;0,957;3,657;187,41;115,72;299,85
10,330;1,157;0,957;3,662;187,56;115,72;299,85
10,335;1,157;0,952;3,662;187,56;115,72;299,53
10,340;1,157;0,957;3,662;187,56;115,72;299,85
10,345;1,157;0,957;3,657;187,41;115,72;299,85
10,350;1,157;0,957;3,662;187,56;115,72;299,85
10,355;1,152;0,957;3,662;187,56;115,23;299,85
10,360;1,167;0,957;3,662;187,56;116,70;299,85
10,365;1,157;0,957;3,662;187,56;115,72;299,85
10,370;1,157;0,957;3,662;187,56;115,72;299,85
10,375;1,162;0,957;3,657;187,41;116,21;299,85
10,380;1,152;0,957;3,662;187,56;115,23;299,85
10,385;1,157;0,957;3,657;187,41;115,72;299,85
10,390;1,157;0,957;3,657;187,41;115,72;299,85
10,395;1,157;0,957;3,657;187,41;115,72;299,85
10,400;1,157;0,957;3,657;187,41;115,72;299,85
10,405;1,157;0,957;3,662;187,56;115,72;299,85
10,410;1,157;0,957;3,657;187,41;115,72;299,85
10,415;1,157;0,957;3,662;187,56;115,72;299,85
10,420;1,157;0,957;3,657;187,41;115,72;299,85
10,425;1,157;0,952;3,662;187,56;115,72;299,53
10,430;1,157;0,957;3,657;187,41;115,72;299,85
10,435;1,157;0,957;3,662;187,56;115,72;299,85
10,440;1,157;0,942;3,662;187,56;115,72;298,90
10,445;1,157;0,957;3,662;187,56;115,72;299,85
10,450;1,152;0,957;3,657;187,41;115,23;299,85
10,455;1,157;0,957;3,657;187,41;115,72;299,85
10,460;1,152;0,957;3,662;187,56;115,23;299,85
10,465;1,157;0,957;3,657;187,41;115,72;299,85
10,470;1,157;0,957;3,652;187,25;115,72;299,85
10,475;1,157;0,957;3,672;187,86;115,72;299,85
10,480;1,157;0,957;3,643;186,95;115,72;299,85
10,485;1,147;0,957;3,682;188,17;114,75;299,85
10,490;1,157;0,957;3,662;187,56;115,72;299,85
10,495;1,157;0,957;3,662;187,56;115,72;299,85
10,500;1,157;0,952;3,662;187,56;115,72;299,53
10,505;1,157;0,947;3,662;187,56;115,72;299,21
10,510;1,157;0,957;3,657;187,41;115,72;299,85
10,515;1,157;0,957;3,657;187,41;115,72;299,85
10,520;1,157;0,957;3,662;187,56;115,72;299,85
10,525;1,157;0,957;3,657;187,41;115,72;299,85
10,530;1,157;0,957;3,662;187,56;115,72;299,85
10,535;1,157;0,957;3,662;187,56;115,72;299,85
10,540;1,157;0,957;3,657;187,41;115,72;299,85
10,545;1,157;0,957;3,682;188,17;115,72;299,85
10,550;1,157;0,952;3,657;187,41;115,72;299,53
10,555;1,157;0,957;3,662;187,56;115,72;299,85
10,560;1,157;0,957;3,657;187,41;115,72;299,85
10,565;1,157;0,957;3,662;187,56;115,72;299,85
10,570;1,157;0,957;3,657;187,41;115,72;299,85
10,575;1,157;0,957;3,657;187,41;115,72;299,85
10,580;1,157;0,957;3,657;187,41;115,72;299,85
10,585;1,157;0,952;3,657;187,41;115,72;299,53
10,590;1,152;0,957;3,672;187,86;115,23;299,85
10,595;1,157;0,957;3,662;187,56;115,72;299,85
10,600;1,157;0,957;3,662;187,56;115,72;299,85
10,605;1,157;0,957;3,657;187,41;115,72;299,85
10,610;1,157;0,957;3,657;187,41;115,72;299,85
10,615;1,152;0,957;3,662;187,56;115,23;299,85
10,620;1,157;0,957;3,657;187,41;115,72;299,85
10,625;1,157;0,957;3,662;187,56;115,72;299,85
10,630;1,157;0,957;3,657;187,41;115,72;299,85
10,635;1,157;0,952;3,662;187,56;115,72;299,53
10,640;1,157;0,957;3,657;187,41;115,72;299,85
10,645;1,157;0,957;3,662;187,56;115,72;299,85
10,650;1,152;0,952;3,657;187,41;115,23;299,53
10,655;1,157;0,957;3,672;187,86;115,72;299,85
10,660;1,152;0,957;3,662;187,56;115,23;299,85
10,665;1,157;0,957;3,657;187,41;115,72;299,85
10,670;1,157;0,957;3,657;187,41;115,72;299,85
10,675;1,152;0,957;3,662;187,56;115,23;299,85
10,680;1,157;0,952;3,662;187,56;115,72;299,53
10,685;1,157;0,957;3,662;187,56;115,72;299,85
10,690;1,157;0,952;3,657;187,41;115,72;299,53
10,695;1,157;0,957;3,662;187,56;115,72;299,85
10,700;1,152;0,957;3,662;187,56;115,23;299,85
10,705;1,157;0,957;3,657;187,41;115,72;299,85
10,710;1,157;0,952;3,662;187,56;115,72;299,53
10,715;1,157;0,957;3,657;187,41;115,72;299,85
10,720;1,152;0,957;3,657;187,41;115,23;299,85
10,725;1,157;0,957;3,662;187,56;115,72;299,85
10,730;1,152;0,957;3,672;187,86;115,23;299,85
10,735;1,162;0,952;3,657;187,41;116,21;299,53
10,740;1,157;0,957;3,662;187,56;115,72;299,85
10,745;1,157;0,957;3,657;187,41;115,72;299,85
10,750;1,157;0,957;3,662;187,56;115,72;299,85
10,755;1,152;0,957;3,657;187,41;115,23;299,85
10,760;1,157;0,957;3,662;187,56;115,72;299,85
10,765;1,152;0,957;3,657;187,41;115,23;299,85
10,770;1,157;0,957;3,657;187,41;115,72;299,85
10,775;1,157;0,957;3,662;187,56;115,72;299,85
10,780;1,157;0,957;3,662;187,56;115,72;299,85
10,785;1,157;0,947;3,657;187,41;115,72;299,21
10,790;1,152;0,957;3,662;187,56;115,23;299,85
10,795;1,157;0,952;3,662;187,56;115,72;299,53
10,800;1,157;0,957;3,662;187,56;115,72;299,85
10,805;1,157;0,957;3,662;187,56;115,72;299,85
10,810;1,157;0,957;3,662;187,56;115,72;299,85
10,815;1,157;0,957;3,662;187,56;115,72;299,85
10,820;1,157;0,957;3,657;187,41;115,72;299,85
10,825;1,157;0,957;3,662;187,56;115,72;299,85
10,830;1,157;0,957;3,662;187,56;115,72;299,85
10,835;1,157;0,957;3,662;187,56;115,72;299,85
10,840;1,157;0,957;3,662;187,56;115,72;299,85
10,845;1,157;0,957;3,657;187,41;115,72;299,85
10,850;1,157;0,957;3,662;187,56;115,72;299,85
10,855;1,157;0,957;3,657;187,41;115,72;299,85
10,860;1,152;0,952;3,657;187,41;115,23;299,53
10,865;1,157;0,952;3,657;187,41;115,72;299,53
10,870;1,157;0,957;3,662;187,56;115,72;299,85
10,875;1,157;0,957;3,662;187,56;115,72;299,85
10,880;1,157;0,952;3,662;187,56;115,72;299,53
10,885;1,157;0,957;3,662;187,56;115,72;299,85
10,890;1,157;0,957;3,657;187,41;115,72;299,85
10,895;1,152;0,957;3,657;187,41;115,23;299,85
10,900;1,157;0,952;3,657;187,41;115,72;299,53
10,905;1,152;0,957;3,662;187,56;115,23;299,85
10,910;1,157;0,952;3,662;187,56;115,72;299,53
10,915;1,157;0,957;3,657;187,41;115,72;299,85
10,920;1,157;0,952;3,662;187,56;115,72;299,53
10,925;1,157;0,957;3,657;187,41;115,72;299,85
10,930;1,152;0,952;3,662;187,56;115,23;299,53
10,935;1,157;0,952;3,662;187,56;115,72;299,53
10,940;1,152;0,957;3,657;187,41;115,23;299,85
10,945;1,157;0,957;3,657;187,41;115,72;299,85
10,950;1,157;0,957;3,662;187,56;115,72;299,85
10,955;1,157;0,957;3,662;187,56;115,72;299,85
10,960;1,162;0,952;3,662;187,56;116,21;299,53
10,965;1,152;0,957;3,662;187,56;115,23;299,85
10,970;1,157;0,957;3,662;187,56;115,72;299,85
10,975;1,152;0,957;3,662;187,56;115,23;299,85
10,980;1,152;0,952;3,662;187,56;115,23;299,53
10,985;1,157;0,957;3,657;187,41;115,72;299,85
10,990;1,157;0,952;3,657;187,41;115,72;299,53
10,995;1,157;0,957;3,662;187,56;115,72;299,85
11,000;1,157;0,957;3,662;187,56;115,72;299,85
11,005;1,157;0,957;3,657;187,41;115,72;299,85
11,010;1,152;0,952;3,662;187,56;115,23;299,53
11,015;1,157;0,957;3,662;187,56;115,72;299,85
11,020;1,157;0,952;3,662;187,56;115,72;299,53
11,025;1,157;0,957;3,657;187,41;115,72;299,85
11,030;1,157;0,957;3,662;187,56;115,72;299,85
11,035;1,157;0,957;3,662;187,56;115,72;299,85
11,040;1,157;0,952;3,657;187,41;115,72;299,53
11,045;1,152;0,952;3,662;187,56;115,23;299,53
11,050;1,157;0,947;3,657;187,41;115,72;299,21
11,055;1,157;0,957;3,657;187,41;115,72;299,85
11,060;1,157;0,952;3,662;187,56;115,72;299,53
11,065;1,157;0,957;3,667;187,71;115,72;299,85
11,070;1,157;0,957;3,657;187,41;115,72;299,85
11,075;1,157;0,957;3,662;187,56;115,72;299,85
11,080;1,157;0,952;3,662;187,56;115,72;299,53
11,085;1,157;0,952;3,647;187,10;115,72;299,53
11,090;1,152;0,957;3,667;187,71;115,23;299,85
11,095;1,157;0,952;3,657;187,41;115,72;299,53
11,100;1,157;0,957;3,662;187,56;115,72;299,85
11,105;1,157;0,952;3,657;187,41;115,72;299,53
11,110;1,157;0,952;3,662;187,56;115,72;299,53
11,115;1,152;0,957;3,662;187,56;115,23;299,85
11,120;1,157;0,957;3,657;187,41;115,72;299,85
11,125;1,157;0,957;3,672;187,86;115,72;299,85
11,130;1,157;0,957;3,657;187,41;115,72;299,85
11,135;1,157;0,957;3,662;187,56;115,72;299,85
11,140;1,152;0,952;3,657;187,41;115,23;299,53
11,145;1,157;0,957;3,662;187,56;115,72;299,85
11,150;1,157;0,957;3,662;187,56;115,72;299,85
11,155;1,157;0,952;3,662;187,56;115,72;299,53
11,160;1,157;0,957;3,662;187,56;115,72;299,85
11,165;1,157;0,952;3,638;186,80;115,72;299,53
11,170;1,157;0,957;3,657;187,41;115,72;299,85
11,175;1,152;0,952;3,662;187,56;115,23;299,53
11,180;1,157;0,952;3,657;187,41;115,72;299,53
11,185;1,152;0,952;3,662;187,56;115,23;299,53
11,190;1,157;0,952;3,657;187,41;115,72;299,53
11,195;1,157;0,957;3,657;187,41;115,72;299,85
11,200;1,157;0,957;3,662;187,56;115,72;299,85
11,205;1,157;0,957;3,657;187,41;115,72;299,85
11,210;1,152;0,952;3,657;187,41;115,23;299,53
11,215;1,157;0,952;3,657;187,41;115,72;299,53
11,220;1,152;0,957;3,662;187,56;115,23;299,85
11,225;1,157;0,952;3,662;187,56;115,72;299,53
11,230;1,157;0,957;3,662;187,56;115,72;299,85
11,235;1,152;0,957;3,662;187,56;115,23;299,85
11,240;1,157;0,957;3,657;187,41;115,72;299,85
11,245;1,157;0,957;3,657;187,41;115,72;299,85
11,250;1,157;0,957;3,657;187,41;115,72;299,85
11,255;1,152;0,967;3,657;187,41;115,23;300,49
11,260;1,157;0,957;3,662;187,56;115,72;299,85
11,265;1,157;0,952;3,662;187,56;115,72;299,53
11,270;1,157;0,952;3,657;187,41;115,72;299,53
11,275;1,157;0,957;3,662;187,56;115,72;299,85
11,280;1,157;0,952;3,662;187,56;115,72;299,53
11,285;1,152;0,957;3,662;187,56;115,23;299,85
11,290;1,157;0,957;3,662;187,56;115,72;299,85
11,295;1,157;0,957;3,662;187,56;115,72;299,85
11,300;1,152;0,952;3,662;187,56;115,23;299,53
11,305;1,157;0,952;3,662;187,56;115,72;299,53
11,310;1,157;0,957;3,662;187,56;115,72;299,85
11,315;1,157;0,957;3,662;187,56;115,72;299,85
11,320;1,157;0,957;3,662;187,56;115,72;299,85
11,325;1,152;0,957;3,657;187,41;115,23;299,85
11,330;1,157;0,957;3,657;187,41;115,72;299,85
11,335;1,152;0,957;3,662;187,56;115,23;299,85
11,340;1,157;0,952;3,657;187,41;115,72;299,53
11,345;1,157;0,952;3,662;187,56;115,72;299,53
11,350;1,157;0,952;3,667;187,71;115,72;299,53
11,355;1,157;0,952;3,657;187,41;115,72;299,53
11,360;1,157;0,957;3,662;187,56;115,72;299,85
11,365;1,157;0,957;3,662;187,56;115,72;299,85
11,370;1,157;0,957;3,662;187,56;115,72;299,85
11,375;1,157;0,952;3,657;187,41;115,72;299,53
11,380;1,157;0,957;3,662;187,56;115,72;299,85
11,385;1,157;0,957;3,662;187,56;115,72;299,85
11,390;1,157;0,957;3,662;187,56;115,72;299,85
11,395;1,157;0,957;3,657;187,41;115,72;299,85
11,400;1,157;0,957;3,662;187,56;115,72;299,85
11,405;1,152;0,957;3,667;187,71;115,23;299,85
11,410;1,157;0,952;3,662;187,56;115,72;299,53
11,415;1,157;0,957;3,662;187,56;115,72;299,85
11,420;1,157;0,952;3,657;187,41;115,72;299,53
11,425;1,157;0,952;3,662;187,56;115,72;299,53
11,430;1,152;0,952;3,657;187,41;115,23;299,53
11,435;1,157;0,952;3,657;187,41;115,72;299,53
11,440;1,152;0,952;3,662;187,56;115,23;299,53
11,445;1,157;0,952;3,657;187,41;115,72;299,53
11,450;1,157;0,957;3,662;187,56;115,72;299,85
11,455;1,157;0,952;3,662;187,56;115,72;299,53
11,460;1,152;0,957;3,662;187,56;115,23;299,85
11,465;1,157;0,957;3,657;187,41;115,72;299,85
11,470;1,157;0,957;3,662;187,56;115,72;299,85
11,475;1,152;0,957;3,657;187,41;115,23;299,85
11,480;1,157;0,957;3,657;187,41;115,72;299,85
11,485;1,152;0,952;3,662;187,56;115,23;299,53
11,490;1,157;0,952;3,657;187,41;115,72;299,53
11,495;1,157;0,952;3,657;187,41;115,72;299,53
11,500;1,157;0,952;3,657;187,41;115,72;299,53
11,505;1,157;0,957;3,657;187,41;115,72;299,85
11,510;1,157;0,952;3,662;187,56;115,72;299,53
11,515;1,157;0,952;3,657;187,41;115,72;299,53
11,520;1,152;0,952;3,657;187,41;115,23;299,53
11,525;1,157;0,952;3,662;187,56;115,72;299,53
11,530;1,152;0,952;3,662;187,56;115,23;299,53
11,535;1,157;0,952;3,662;187,56;115,72;299,53
11,540;1,157;0,957;3,662;187,56;115,72;299,85
11,545;1,157;0,952;3,662;187,56;115,72;299,53
11,550;1,157;0,957;3,657;187,41;115,72;299,85
11,555;1,152;0,952;3,662;187,56;115,23;299,53
11,560;1,157;0,952;3,662;187,56;115,72;299,53
11,565;1,157;0,952;3,657;187,41;115,72;299,53
11,570;1,152;0,952;3,662;187,56;115,23;299,53
11,575;1,157;0,952;3,662;187,56;115,72;299,53
11,580;1,152;0,957;3,662;187,56;115,23;299,85
11,585;1,157;0,952;3,657;187,41;115,72;299,53
11,590;1,152;0,952;3,662;187,56;115,23;299,53
11,595;1,167;0,952;3,657;187,41;116,70;299,53
11,600;1,152;0,957;3,662;187,56;115,23;299,85
11,605;1,157;0,952;3,657;187,41;115,72;299,53
11,610;1,157;0,957;3,657;187,41;115,72;299,85
11,615;1,152;0,952;3,662;187,56;115,23;299,53
11,620;1,157;0,952;3,657;187,41;115,72;299,53
11,625;1,152;0,957;3,662;187,56;115,23;299,85
11,630;1,157;0,957;3,657;187,41;115,72;299,85
11,635;1,157;0,957;3,657;187,41;115,72;299,85
11,640;1,157;0,957;3,657;187,41;115,72;299,85
11,645;1,157;0,952;3,657;187,41;115,72;299,53
11,650;1,152;0,957;3,662;187,56;115,23;299,85
11,655;1,157;0,957;3,657;187,41;115,72;299,85
11,660;1,152;0,947;3,662;187,56;115,23;299,21
11,665;1,157;0,952;3,652;187,25;115,72;299,53
11,670;1,152;0,957;3,657;187,41;115,23;299,85
11,675;1,157;0,952;3,657;187,41;115,72;299,53
11,680;1,157;0,952;3,662;187,56;115,72;299,53
11,685;1,157;0,957;3,677;188,01;115,72;299,85
11,690;1,157;0,952;3,662;187,56;115,72;299,53
11,695;1,152;0,957;3,662;187,56;115,23;299,85
11,700;1,157;0,962;3,643;186,95;115,72;300,17
11,705;1,157;0,957;3,662;187,56;115,72;299,85
11,710;1,157;0,952;3,657;187,41;115,72;299,53
11,715;1,157;0,952;3,657;187,41;115,72;299,53
11,720;1,157;0,952;3,662;187,56;115,72;299,53
11,725;1,162;0,957;3,662;187,56;116,21;299,85
11,730;1,152;0,952;3,662;187,56;115,23;299,53
11,735;1,157;0,952;3,657;187,41;115,72;299,53
11,740;1,152;0,952;3,662;187,56;115,23;299,53
11,745;1,157;0,947;3,662;187,56;115,72;299,21
11,750;1,157;0,957;3,662;187,56;115,72;299,85
11,755;1,152;0,952;3,662;187,56;115,23;299,53
11,760;1,157;0,952;3,657;187,41;115,72;299,53
11,765;1,152;0,957;3,657;187,41;115,23;299,85
11,770;1,157;0,952;3,657;187,41;115,72;299,53
11,775;1,157;0,957;3,657;187,41;115,72;299,85
11,780;1,157;0,957;3,657;187,41;115,72;299,85
11,785;1,157;0,957;3,662;187,56;115,72;299,85
11,790;1,157;0,952;3,662;187,56;115,72;299,53
11,795;1,157;0,952;3,657;187,41;115,72;299,53
11,800;1,152;0,952;3,657;187,41;115,23;299,53
11,805;1,157;0,952;3,657;187,41;115,72;299,53
11,810;1,152;0,952;3,657;187,41;115,23;299,53
11,815;1,157;0,952;3,657;187,41;115,72;299,53
11,820;1,157;0,952;3,657;187,41;115,72;299,53
11,825;1,157;0,952;3,657;187,41;115,72;299,53
11,830;1,157;0,952;3,662;187,56;115,72;299,53
11,835;1,152;0,952;3,657;187,41;115,23;299,53
11,840;1,157;0,957;3,662;187,56;115,72;299,85
11,845;1,152;0,957;3,652;187,25;115,23;299,85
11,850;1,157;0,952;3,657;187,41;115,72;299,53
11,855;1,152;0,952;3,662;187,56;115,23;299,53
11,860;1,157;0,952;3,662;187,56;115,72;299,53
11,865;1,157;0,952;3,657;187,41;115,72;299,53
11,870;1,157;0,952;3,657;187,41;115,72;299,53
11,875;1,157;0,952;3,662;187,56;115,72;299,53
11,880;1,152;0,952;3,662;187,56;115,23;299,53
11,885;1,157;0,947;3,657;187,41;115,72;299,21
11,890;1,152;0,952;3,662;187,56;115,23;299,53
11,895;1,157;0,952;3,657;187,41;115,72;299,53
11,900;1,157;0,957;3,657;187,41;115,72;299,85
11,905;1,157;0,952;3,662;187,56;115,72;299,53
11,910;1,157;0,952;3,657;187,41;115,72;299,53
11,915;1,152;0,952;3,657;187,41;115,23;299,53
11,920;1,157;0,952;3,657;187,41;115,72;299,53
11,925;1,152;0,952;3,662;187,56;115,23;299,53
11,930;1,157;0,952;3,662;187,56;115,72;299,53
11,935;1,152;0,957;3,662;187,56;115,23;299,85
11,940;1,157;0,952;3,657;187,41;115,72;299,53
11,945;1,157;0,952;3,662;187,56;115,72;299,53
11,950;1,157;0,952;3,662;187,56;115,72;299,53
11,955;1,157;0,957;3,662;187,56;115,72;299,85
11,960;1,152;0,952;3,657;187,41;115,23;299,53
11,965;1,157;0,947;3,657;187,41;115,72;299,21
11,970;1,157;0,952;3,657;187,41;115,72;299,53
11,975;1,157;0,952;3,657;187,41;115,72;299,53
11,980;1,157;0,952;3,662;187,56;115,72;299,53
11,985;1,152;0,957;3,662;187,56;115,23;299,85
11,990;1,157;0,952;3,657;187,41;115,72;299,53
11,995;1,152;0,952;3,662;187,56;115,23;299,53
12,000;1,157;0,952;3,657;187,41;115,72;299,53
12,005;1,152;0,952;3,662;187,56;115,23;299,53
12,010;1,157;0,952;3,662;187,56;115,72;299,53
12,015;1,157;0,957;3,662;187,56;115,72;299,85
12,020;1,157;0,952;3,662;187,56;115,72;299,53
12,025;1,157;0,967;3,657;187,41;115,72;300,49
12,030;1,152;0,952;3,662;187,56;115,23;299,53
12,035;1,157;0,952;3,657;187,41;115,72;299,53
12,040;1,152;0,952;3,657;187,41;115,23;299,53
12,045;1,157;0,952;3,657;187,41;115,72;299,53
12,050;1,152;0,952;3,662;187,56;115,23;299,53
12,055;1,157;0,952;3,662;187,56;115,72;299,53
12,060;1,157;0,952;3,662;187,56;115,72;299,53
12,065;1,152;0,952;3,662;187,56;115,23;299,53
12,070;1,157;0,952;3,662;187,56;115,72;299,53
12,075;1,152;0,952;3,662;187,56;115,23;299,53
12,080;1,157;0,952;3,657;187,41;115,72;299,53
12,085;1,152;0,952;3,662;187,56;115,23;299,53
12,090;1,157;0,952;3,657;187,41;115,72;299,53
12,095;1,157;0,952;3,657;187,41;115,72;299,53
12,100;1,157;0,952;3,657;187,41;115,72;299,53
12,105;1,157;0,952;3,657;187,41;115,72;299,53
12,110;1,157;0,952;3,657;187,41;115,72;299,53
12,115;1,157;0,952;3,657;187,41;115,72;299,53
12,120;1,152;0,952;3,662;187,56;115,23;299,53
12,125;1,157;0,952;3,657;187,41;115,72;299,53
12,130;1,157;0,947;3,662;187,56;115,72;299,21
12,135;1,157;0,957;3,657;187,41;115,72;299,85
12,140;1,157;0,957;3,662;187,56;115,72;299,85
12,145;1,152;0,957;3,662;187,56;115,23;299,85
12,150;1,157;0,957;3,657;187,41;115,72;299,85
12,155;1,152;0,952;3,662;187,56;115,23;299,53
12,160;1,157;0,952;3,657;187,41;115,72;299,53
12,165;1,157;0,952;3,662;187,56;115,72;299,53
12,170;1,162;0,952;3,657;187,41;116,21;299,53
12,175;1,157;0,952;3,657;187,41;115,72;299,53
12,180;1,162;0,952;3,662;187,56;116,21;299,53
12,185;1,157;0,952;3,662;187,56;115,72;299,53
12,190;1,152;0,952;3,657;187,41;115,23;299,53
12,195;1,152;0,952;3,657;187,41;115,23;299,53
12,200;1,152;0,952;3,662;187,56;115,23;299,53
12,205;1,152;0,947;3,657;187,41;115,23;299,21
12,210;1,157;0,952;3,662;187,56;115,72;299,53
12,215;1,157;0,952;3,657;187,41;115,72;299,53
12,220;1,157;0,957;3,662;187,56;115,72;299,85
12,225;1,157;0,957;3,662;187,56;115,72;299,85
12,230;1,157;0,952;3,657;187,41;115,72;299,53
12,235;1,152;0,957;3,657;187,41;115,23;299,85
12,240;1,157;0,967;3,657;187,41;115,72;300,49
12,245;1,157;0,947;3,662;187,56;115,72;299,21
12,250;1,157;0,952;3,657;187,41;115,72;299,53
12,255;1,157;0,957;3,662;187,56;115,72;299,85
12,260;1,157;0,942;3,662;187,56;115,72;298,90
12,265;1,157;0,952;3,667;187,71;115,72;299,53
12,270;1,152;0,952;3,657;187,41;115,23;299,53
12,275;1,157;0,952;3,657;187,41;115,72;299,53
12,280;1,152;0,952;3,657;187,41;115,23;299,53
12,285;1,157;0,952;3,657;187,41;115,72;299,53
12,290;1,157;0,952;3,662;187,56;115,72;299,53
12,295;1,157;0,952;3,657;187,41;115,72;299,53
12,300;1,157;0,952;3,652;187,25;115,72;299,53
12,305;1,152;0,952;3,662;187,56;115,23;299,53
12,310;1,157;0,957;3,652;187,25;115,72;299,85
12,315;1,152;0,952;3,662;187,56;115,23;299,53
12,320;1,157;0,947;3,662;187,56;115,72;299,21
12,325;1,152;0,957;3,662;187,56;115,23;299,85
12,330;1,157;0,952;3,657;187,41;115,72;299,53
12,335;1,157;0,952;3,662;187,56;115,72;299,53
12,340;1,157;0,952;3,662;187,56;115,72;299,53
12,345;1,157;0,957;3,657;187,41;115,72;299,85
12,350;1,152;0,952;3,657;187,41;115,23;299,53
12,355;1,157;0,952;3,657;187,41;115,72;299,53
12,360;1,152;0,952;3,657;187,41;115,23;299,53
12,365;1,157;0,952;3,643;186,95;115,72;299,53
12,370;1,152;0,952;3,662;187,56;115,23;299,53
12,375;1,157;0,952;3,657;187,41;115,72;299,53
12,380;1,157;0,952;3,662;187,56;115,72;299,53
12,385;1,152;0,952;3,662;187,56;115,23;299,53
12,390;1,157;0,952;3,657;187,41;115,72;299,53
12,395;1,152;0,952;3,662;187,56;115,23;299,53
12,400;1,157;0,952;3,662;187,56;115,72;299,53
12,405;1,152;0,952;3,662;187,56;115,23;299,53
12,410;1,157;0,952;3,657;187,41;115,72;299,53
12,415;1,157;0,957;3,657;187,41;115,72;299,85
12,420;1,152;0,952;3,662;187,56;115,23;299,53
12,425;1,157;0,952;3,657;187,41;115,72;299,53
12,430;1,152;0,952;3,662;187,56;115,23;299,53
12,435;1,152;0,952;3,662;187,56;115,23;299,53
12,440;1,157;0,952;3,662;187,56;115,72;299,53
12,445;1,157;0,952;3,647;187,10;115,72;299,53
12,450;1,157;0,957;3,662;187,56;115,72;299,85
12,455;1,152;0,952;3,657;187,41;115,23;299,53
12,460;1,157;0,952;3,662;187,56;115,72;299,53
12,465;1,152;0,952;3,662;187,56;115,23;299,53
12,470;1,157;0,952;3,657;187,41;115,72;299,53
12,475;1,157;0,952;3,662;187,56;115,72;299,53
12,480;1,157;0,952;3,662;187,56;115,72;299,53
12,485;1,157;0,967;3,657;187,41;115,72;300,49
12,490;1,157;0,952;3,657;187,41;115,72;299,53
12,495;1,157;0,957;3,662;187,56;115,72;299,85
12,500;1,152;0,952;3,657;187,41;115,23;299,53
12,505;1,157;0,952;3,657;187,41;115,72;299,53
12,510;1,152;0,952;3,662;187,56;115,23;299,53
12,515;1,157;0,952;3,657;187,41;115,72;299,53
12,520;1,157;0,947;3,657;187,41;115,72;299,21
12,525;1,152;0,952;3,657;187,41;115,23;299,53
12,530;1,157;0,957;3,657;187,41;115,72;299,85
12,535;1,152;0,952;3,662;187,56;115,23;299,53
12,540;1,157;0,952;3,657;187,41;115,72;299,53
12,545;1,152;0,957;3,662;187,56;115,23;299,85
12,550;1,157;0,952;3,657;187,41;115,72;299,53
12,555;1,157;0,952;3,657;187,41;115,72;299,53
12,560;1,157;0,947;3,662;187,56;115,72;299,21
12,565;1,157;0,952;3,657;187,41;115,72;299,53
12,570;1,157;0,952;3,657;187,41;115,72;299,53
12,575;1,157;0,947;3,657;187,41;115,72;299,21
12,580;1,152;0,952;3,662;187,56;115,23;299,53
12,585;1,157;0,952;3,657;187,41;115,72;299,53
12,590;1,157;0,957;3,662;187,56;115,72;299,85
12,595;1,157;0,952;3,657;187,41;115,72;299,53
12,600;1,157;0,952;3,657;187,41;115,72;299,53
12,605;1,152;0,952;3,657;187,41;115,23;299,53
12,610;1,157;0,952;3,662;187,56;115,72;299,53
12,615;1,152;0,952;3,662;187,56;115,23;299,53
12,620;1,157;0,952;3,657;187,41;115,72;299,53
12,625;1,152;0,957;3,657;187,41;115,23;299,85
12,630;1,157;0,947;3,662;187,56;115,72;299,21
12,635;1,157;0,952;3,662;187,56;115,72;299,53
12,640;1,157;0,952;3,662;187,56;115,72;299,53
12,645;1,157;0,952;3,691;188,47;115,72;299,53
12,650;1,152;0,952;3,662;187,56;115,23;299,53
12,655;1,157;0,952;3,657;187,41;115,72;299,53
12,660;1,152;0,952;3,662;187,56;115,23;299,53
12,665;1,152;0,947;3,662;187,56;115,23;299,21
12,670;1,157;0,947;3,662;187,56;115,72;299,21
12,675;1,152;0,947;3,657;187,41;115,23;299,21
12,680;1,157;0,952;3,657;187,41;115,72;299,53
12,685;1,152;0,952;3,657;187,41;115,23;299,53
12,690;1,157;0,952;3,657;187,41;115,72;299,53
12,695;1,152;0,952;3,662;187,56;115,23;299,53
12,700;1,152;0,947;3,662;187,56;115,23;299,21
12,705;1,152;0,952;3,662;187,56;115,23;299,53
12,710;1,157;0,952;3,657;187,41;115,72;299,53
12,715;1,152;0,952;3,662;187,56;115,23;299,53
12,720;1,152;0,952;3,662;187,56;115,23;299,53
12,725;1,157;0,952;3,662;187,56;115,72;299,53
12,730;1,152;0,952;3,662;187,56;115,23;299,53
12,735;1,157;0,947;3,657;187,41;115,72;299,21
12,740;1,152;0,952;3,662;187,56;115,23;299,53
12,745;1,152;0,952;3,657;187,41;115,23;299,53
12,750;1,157;0,952;3,662;187,56;115,72;299,53
12,755;1,157;0,952;3,662;187,56;115,72;299,53
12,760;1,157;0,952;3,657;187,41;115,72;299,53
12,765;1,152;0,952;3,662;187,56;115,23;299,53
12,770;1,157;0,952;3,657;187,41;115,72;299,53
12,775;1,157;0,952;3,657;187,41;115,72;299,53
12,780;1,152;0,947;3,657;187,41;115,23;299,21
12,785;1,157;0,952;3,662;187,56;115,72;299,53
12,790;1,147;0,947;3,662;187,56;114,75;299,21
12,795;1,162;0,952;3,662;187,56;116,21;299,53
12,800;1,152;0,952;3,662;187,56;115,23;299,53
12,805;1,157;0,952;3,657;187,41;115,72;299,53
12,810;1,152;0,952;3,657;187,41;115,23;299,53
12,815;1,147;0,952;3,662;187,56;114,75;299,53
12,820;1,152;0,952;3,662;187,56;115,23;299,53
12,825;1,157;0,952;3,662;187,56;115,72;299,53
12,830;1,157;0,952;3,657;187,41;115,72;299,53
12,835;1,157;0,952;3,662;187,56;115,72;299,53
12,840;1,157;0,957;3,657;187,41;115,72;299,85
12,845;1,152;0,947;3,662;187,56;115,23;299,21
12,850;1,157;0,952;3,657;187,41;115,72;299,53
12,855;1,157;0,967;3,662;187,56;115,72;300,49
12,860;1,152;0,952;3,662;187,56;115,23;299,53
12,865;1,157;0,952;3,662;187,56;115,72;299,53
12,870;1,157;0,952;3,662;187,56;115,72;299,53
12,875;1,157;0,952;3,662;187,56;115,72;299,53
12,880;1,152;0,952;3,657;187,41;115,23;299,53
12,885;1,157;0,952;3,657;187,41;115,72;299,53
12,890;1,152;0,952;3,657;187,41;115,23;299,53
12,895;1,152;0,952;3,647;187,10;115,23;299,53
12,900;1,157;0,952;3,662;187,56;115,72;299,53
12,905;1,157;0,952;3,662;187,56;115,72;299,53
12,910;1,157;0,952;3,672;187,86;115,72;299,53
12,915;1,152;0,952;3,657;187,41;115,23;299,53
12,920;1,157;0,952;3,638;186,80;115,72;299,53
12,925;1,152;0,957;3,662;187,56;115,23;299,85
12,930;1,157;0,952;3,652;187,25;115,72;299,53
12,935;1,157;0,952;3,657;187,41;115,72;299,53
