Tiempo (s) Serie Nº 1;Voltaje, Ch A (V) Serie Nº 1;Voltaje, Ch B (V) Serie Nº 1;Voltaje, Ch C (V) Serie Nº 1;Volum (cm³) Serie Nº 1;Pressió (kPa) Serie Nº 1;Temperatura (K) Serie Nº 1
0,000;0,996;0,942;0,264;81,53;99,61;298,90
0,005;0,996;0,942;0,264;81,53;99,61;298,90
0,010;1,001;0,937;0,264;81,53;100,10;298,58
0,015;1,001;0,942;0,264;81,53;100,10;298,90
0,020;0,996;0,942;0,264;81,53;99,61;298,90
0,025;1,001;0,947;0,264;81,53;100,10;299,21
0,030;0,996;0,942;0,264;81,53;99,61;298,90
0,035;1,001;0,937;0,264;81,53;100,10;298,58
0,040;1,001;0,942;0,264;81,53;100,10;298,90
0,045;0,996;0,942;0,264;81,53;99,61;298,90
0,050;1,001;0,947;0,264;81,53;100,10;299,21
0,055;1,001;0,942;0,264;81,53;100,10;298,90
0,060;1,001;0,947;0,264;81,53;100,10;299,21
0,065;1,001;0,942;0,264;81,53;100,10;298,90
0,070;0,996;0,952;0,264;81,53;99,61;299,53
0,075;1,001;0,942;0,244;80,92;100,10;298,90
0,080;0,996;0,942;0,264;81,53;99,61;298,90
0,085;1,001;0,942;0,264;81,53;100,10;298,90
0,090;1,001;0,942;0,278;81,98;100,10;298,90
0,095;0,996;0,942;0,273;81,83;99,61;298,90
0,100;1,001;0,942;0,244;80,92;100,10;298,90
0,105;1,001;0,942;0,264;81,53;100,10;298,90
0,110;1,006;0,942;0,264;81,53;100,59;298,90
0,115;0,996;0,942;0,264;81,53;99,61;298,90
0,120;0,996;0,942;0,269;81,68;99,61;298,90
0,125;1,001;0,942;0,264;81,53;100,10;298,90
0,130;0,996;0,942;0,264;81,53;99,61;298,90
0,135;1,001;0,942;0,264;81,53;100,10;298,90
0,140;1,001;0,942;0,264;81,53;100,10;298,90
0,145;0,996;0,942;0,264;81,53;99,61;298,90
0,150;0,996;0,942;0,264;81,53;99,61;298,90
0,155;1,001;0,942;0,264;81,53;100,10;298,90
0,160;1,001;0,942;0,264;81,53;100,10;298,90
0,165;1,001;0,942;0,264;81,53;100,10;298,90
0,170;1,001;0,942;0,264;81,53;100,10;298,90
0,175;1,001;0,942;0,264;81,53;100,10;298,90
0,180;0,996;0,942;0,264;81,53;99,61;298,90
0,185;1,001;0,942;0,264;81,53;100,10;298,90
0,190;1,001;0,942;0,264;81,53;100,10;298,90
0,195;0,996;0,942;0,273;81,83;99,61;298,90
0,200;1,001;0,942;0,264;81,53;100,10;298,90
0,205;1,001;0,942;0,264;81,53;100,10;298,90
0,210;1,001;0,942;0,264;81,53;100,10;298,90
0,215;1,001;0,942;0,273;81,83;100,10;298,90
0,220;0,996;0,942;0,264;81,53;99,61;298,90
0,225;1,001;0,942;0,264;81,53;100,10;298,90
0,230;1,001;0,942;0,264;81,53;100,10;298,90
0,235;1,001;0,947;0,264;81,53;100,10;299,21
0,240;1,001;0,942;0,264;81,53;100,10;298,90
0,245;0,996;0,942;0,264;81,53;99,61;298,90
0,250;1,001;0,942;0,264;81,53;100,10;298,90
0,255;0,996;0,942;0,264;81,53;99,61;298,90
0,260;1,001;0,942;0,264;81,53;100,10;298,90
0,265;1,001;0,942;0,264;81,53;100,10;298,90
0,270;0,996;0,942;0,264;81,53;99,61;298,90
0,275;1,001;0,942;0,264;81,53;100,10;298,90
0,280;0,996;0,942;0,264;81,53;99,61;298,90
0,285;1,001;0,942;0,293;82,44;100,10;298,90
0,290;1,001;0,942;0,264;81,53;100,10;298,90
0,295;0,996;0,942;0,264;81,53;99,61;298,90
0,300;1,001;0,942;0,264;81,53;100,10;298,90
0,305;1,001;0,942;0,264;81,53;100,10;298,90
0,310;0,996;0,942;0,264;81,53;99,61;298,90
0,315;1,001;0,942;0,264;81,53;100,10;298,90
0,320;1,001;0,942;0,264;81,53;100,10;298,90
0,325;1,001;0,942;0,264;81,53;100,10;298,90
0,330;1,001;0,942;0,264;81,53;100,10;298,90
0,335;0,996;0,942;0,264;81,53;99,61;298,90
0,340;1,001;0,942;0,264;81,53;100,10;298,90
0,345;1,001;0,942;0,264;81,53;100,10;298,90
0,350;1,001;0,942;0,264;81,53;100,10;298,90
0,355;1,001;0,942;0,264;81,53;100,10;298,90
0,360;0,996;0,942;0,264;81,53;99,61;298,90
0,365;1,001;0,942;0,264;81,53;100,10;298,90
0,370;0,996;0,942;0,264;81,53;99,61;298,90
0,375;1,001;0,942;0,264;81,53;100,10;298,90
0,380;1,001;0,942;0,269;81,68;100,10;298,90
0,385;0,996;0,942;0,264;81,53;99,61;298,90
0,390;1,001;0,942;0,264;81,53;100,10;298,90
0,395;1,006;0,942;0,264;81,53;100,59;298,90
0,400;1,001;0,942;0,264;81,53;100,10;298,90
0,405;1,001;0,942;0,264;81,53;100,10;298,90
0,410;1,001;0,942;0,264;81,53;100,10;298,90
0,415;1,001;0,942;0,264;81,53;100,10;298,90
0,420;1,001;0,947;0,264;81,53;100,10;299,21
0,425;1,001;0,942;0,264;81,53;100,10;298,90
0,430;1,001;0,942;0,264;81,53;100,10;298,90
0,435;0,996;0,942;0,264;81,53;99,61;298,90
0,440;1,001;0,942;0,264;81,53;100,10;298,90
0,445;1,001;0,942;0,264;81,53;100,10;298,90
0,450;1,001;0,942;0,264;81,53;100,10;298,90
0,455;1,001;0,942;0,264;81,53;100,10;298,90
0,460;0,996;0,942;0,264;81,53;99,61;298,90
0,465;1,001;0,942;0,264;81,53;100,10;298,90
0,470;1,001;0,942;0,264;81,53;100,10;298,90
0,475;0,996;0,942;0,264;81,53;99,61;298,90
0,480;1,001;0,947;0,264;81,53;100,10;299,21
0,485;1,001;0,942;0,264;81,53;100,10;298,90
0,490;1,001;0,942;0,264;81,53;100,10;298,90
0,495;1,001;0,942;0,264;81,53;100,10;298,90
0,500;0,996;0,942;0,273;81,83;99,61;298,90
0,505;1,001;0,942;0,264;81,53;100,10;298,90
0,510;1,001;0,947;0,264;81,53;100,10;299,21
0,515;1,001;0,942;0,264;81,53;100,10;298,90
0,520;1,001;0,942;0,264;81,53;100,10;298,90
0,525;0,996;0,942;0,264;81,53;99,61;298,90
0,530;1,001;0,942;0,264;81,53;100,10;298,90
0,535;1,001;0,942;0,264;81,53;100,10;298,90
0,540;1,001;0,942;0,264;81,53;100,10;298,90
0,545;1,001;0,942;0,264;81,53;100,10;298,90
0,550;1,001;0,942;0,264;81,53;100,10;298,90
0,555;1,001;0,942;0,264;81,53;100,10;298,90
0,560;1,001;0,942;0,264;81,53;100,10;298,90
0,565;0,996;0,942;0,283;82,14;99,61;298,90
0,570;1,006;0,942;0,264;81,53;100,59;298,90
0,575;0,996;0,942;0,264;81,53;99,61;298,90
0,580;1,001;0,942;0,264;81,53;100,10;298,90
0,585;0,996;0,942;0,264;81,53;99,61;298,90
0,590;0,996;0,942;0,264;81,53;99,61;298,90
0,595;1,001;0,942;0,264;81,53;100,10;298,90
0,600;0,996;0,942;0,264;81,53;99,61;298,90
0,605;0,986;0,942;0,264;81,53;98,63;298,90
0,610;1,001;0,942;0,264;81,53;100,10;298,90
0,615;1,001;0,942;0,269;81,68;100,10;298,90
0,620;1,001;0,942;0,264;81,53;100,10;298,90
0,625;1,001;0,942;0,264;81,53;100,10;298,90
0,630;1,001;0,937;0,264;81,53;100,10;298,58
0,635;1,001;0,942;0,264;81,53;100,10;298,90
0,640;0,996;0,942;0,264;81,53;99,61;298,90
0,645;1,001;0,952;0,264;81,53;100,10;299,53
0,650;0,996;0,947;0,264;81,53;99,61;299,21
0,655;1,001;0,942;0,264;81,53;100,10;298,90
0,660;1,001;0,942;0,264;81,53;100,10;298,90
0,665;0,996;0,942;0,264;81,53;99,61;298,90
0,670;1,001;0,942;0,264;81,53;100,10;298,90
0,675;0,996;0,942;0,273;81,83;99,61;298,90
0,680;1,001;0,942;0,264;81,53;100,10;298,90
0,685;1,001;0,942;0,264;81,53;100,10;298,90
0,690;0,996;0,942;0,264;81,53;99,61;298,90
0,695;1,001;0,942;0,254;81,22;100,10;298,90
0,700;1,001;0,942;0,264;81,53;100,10;298,90
0,705;1,001;0,942;0,264;81,53;100,10;298,90
0,710;1,001;0,942;0,269;81,68;100,10;298,90
0,715;0,996;0,942;0,264;81,53;99,61;298,90
0,720;1,001;0,942;0,264;81,53;100,10;298,90
0,725;1,001;0,942;0,264;81,53;100,10;298,90
0,730;1,001;0,942;0,264;81,53;100,10;298,90
0,735;1,001;0,942;0,264;81,53;100,10;298,90
0,740;0,996;0,942;0,269;81,68;99,61;298,90
0,745;1,001;0,942;0,264;81,53;100,10;298,90
0,750;1,001;0,942;0,264;81,53;100,10;298,90
0,755;1,001;0,942;0,264;81,53;100,10;298,90
0,760;1,001;0,942;0,264;81,53;100,10;298,90
0,765;0,996;0,942;0,264;81,53;99,61;298,90
0,770;1,001;0,942;0,264;81,53;100,10;298,90
0,775;1,001;0,942;0,259;81,37;100,10;298,90
0,780;1,001;0,942;0,264;81,53;100,10;298,90
0,785;1,001;0,942;0,264;81,53;100,10;298,90
0,790;0,996;0,942;0,269;81,68;99,61;298,90
0,795;1,001;0,942;0,264;81,53;100,10;298,90
0,800;1,001;0,942;0,264;81,53;100,10;298,90
0,805;1,001;0,942;0,264;81,53;100,10;298,90
0,810;1,001;0,942;0,264;81,53;100,10;298,90
0,815;0,996;0,942;0,264;81,53;99,61;298,90
0,820;1,001;0,942;0,264;81,53;100,10;298,90
0,825;1,001;0,942;0,264;81,53;100,10;298,90
0,830;0,996;0,942;0,264;81,53;99,61;298,90
0,835;1,001;0,942;0,264;81,53;100,10;298,90
0,840;0,996;0,942;0,264;81,53;99,61;298,90
0,845;1,001;0,942;0,264;81,53;100,10;298,90
0,850;0,996;0,942;0,264;81,53;99,61;298,90
0,855;1,001;0,942;0,264;81,53;100,10;298,90
0,860;1,001;0,942;0,264;81,53;100,10;298,90
0,865;1,001;0,942;0,264;81,53;100,10;298,90
0,870;1,001;0,942;0,264;81,53;100,10;298,90
0,875;1,001;0,942;0,273;81,83;100,10;298,90
0,880;0,996;0,942;0,264;81,53;99,61;298,90
0,885;0,996;0,942;0,264;81,53;99,61;298,90
0,890;1,001;0,942;0,269;81,68;100,10;298,90
0,895;1,001;0,942;0,264;81,53;100,10;298,90
0,900;1,001;0,942;0,264;81,53;100,10;298,90
0,905;0,996;0,942;0,264;81,53;99,61;298,90
0,910;1,001;0,942;0,264;81,53;100,10;298,90
0,915;1,001;0,947;0,264;81,53;100,10;299,21
0,920;1,001;0,942;0,264;81,53;100,10;298,90
0,925;1,001;0,942;0,264;81,53;100,10;298,90
0,930;0,996;0,942;0,264;81,53;99,61;298,90
0,935;0,996;0,942;0,264;81,53;99,61;298,90
0,940;1,001;0,942;0,264;81,53;100,10;298,90
0,945;0,996;0,942;0,264;81,53;99,61;298,90
0,950;1,001;0,942;0,264;81,53;100,10;298,90
0,955;1,001;0,942;0,264;81,53;100,10;298,90
0,960;1,001;0,942;0,264;81,53;100,10;298,90
0,965;1,001;0,942;0,264;81,53;100,10;298,90
0,970;0,996;0,942;0,264;81,53;99,61;298,90
0,975;1,001;0,942;0,264;81,53;100,10;298,90
0,980;1,001;0,942;0,264;81,53;100,10;298,90
0,985;1,001;0,942;0,264;81,53;100,10;298,90
0,990;1,001;0,942;0,264;81,53;100,10;298,90
0,995;0,996;0,942;0,264;81,53;99,61;298,90
1,000;1,001;0,942;0,264;81,53;100,10;298,90
1,005;1,001;0,942;0,264;81,53;100,10;298,90
1,010;1,001;0,942;0,264;81,53;100,10;298,90
1,015;1,001;0,942;0,264;81,53;100,10;298,90
1,020;0,996;0,942;0,264;81,53;99,61;298,90
1,025;1,001;0,942;0,264;81,53;100,10;298,90
1,030;1,001;0,942;0,264;81,53;100,10;298,90
1,035;1,001;0,942;0,264;81,53;100,10;298,90
1,040;1,001;0,942;0,259;81,37;100,10;298,90
1,045;0,996;0,942;0,264;81,53;99,61;298,90
1,050;1,001;0,942;0,264;81,53;100,10;298,90
1,055;1,001;0,942;0,254;81,22;100,10;298,90
1,060;1,001;0,942;0,264;81,53;100,10;298,90
1,065;1,001;0,942;0,264;81,53;100,10;298,90
1,070;0,996;0,942;0,264;81,53;99,61;298,90
1,075;1,001;0,942;0,264;81,53;100,10;298,90
1,080;1,001;0,942;0,264;81,53;100,10;298,90
1,085;0,996;0,942;0,264;81,53;99,61;298,90
1,090;1,001;0,942;0,264;81,53;100,10;298,90
1,095;0,996;0,942;0,264;81,53;99,61;298,90
1,100;1,001;0,942;0,264;81,53;100,10;298,90
1,105;1,001;0,942;0,264;81,53;100,10;298,90
1,110;0,996;0,942;0,264;81,53;99,61;298,90
1,115;1,001;0,942;0,264;81,53;100,10;298,90
1,120;1,001;0,942;0,264;81,53;100,10;298,90
1,125;0,996;0,942;0,264;81,53;99,61;298,90
1,130;1,001;0,942;0,264;81,53;100,10;298,90
1,135;1,001;0,942;0,264;81,53;100,10;298,90
1,140;1,001;0,942;0,264;81,53;100,10;298,90
1,145;1,001;0,942;0,264;81,53;100,10;298,90
1,150;0,996;0,942;0,264;81,53;99,61;298,90
1,155;1,001;0,937;0,264;81,53;100,10;298,58
1,160;1,001;0,942;0,264;81,53;100,10;298,90
1,165;1,001;0,942;0,264;81,53;100,10;298,90
1,170;1,001;0,942;0,264;81,53;100,10;298,90
1,175;0,996;0,942;0,264;81,53;99,61;298,90
1,180;1,006;0,942;0,264;81,53;100,59;298,90
1,185;1,001;0,942;0,264;81,53;100,10;298,90
1,190;0,996;0,942;0,264;81,53;99,61;298,90
1,195;1,001;0,942;0,264;81,53;100,10;298,90
1,200;0,996;0,942;0,269;81,68;99,61;298,90
1,205;1,006;0,942;0,264;81,53;100,59;298,90
1,210;1,001;0,942;0,264;81,53;100,10;298,90
1,215;1,001;0,942;0,264;81,53;100,10;298,90
1,220;1,001;0,942;0,264;81,53;100,10;298,90
1,225;0,996;0,942;0,264;81,53;99,61;298,90
1,230;1,001;0,937;0,264;81,53;100,10;298,58
1,235;1,001;0,942;0,264;81,53;100,10;298,90
1,240;1,001;0,947;0,264;81,53;100,10;299,21
1,245;1,001;0,947;0,264;81,53;100,10;299,21
1,250;0,996;0,937;0,264;81,53;99,61;298,58
1,255;1,001;0,942;0,264;81,53;100,10;298,90
1,260;1,001;0,942;0,264;81,53;100,10;298,90
1,265;0,996;0,942;0,264;81,53;99,61;298,90
1,270;1,001;0,942;0,264;81,53;100,10;298,90
1,275;1,001;0,942;0,264;81,53;100,10;298,90
1,280;1,001;0,942;0,264;81,53;100,10;298,90
1,285;1,001;0,942;0,283;82,14;100,10;298,90
1,290;0,996;0,942;0,264;81,53;99,61;298,90
1,295;1,001;0,942;0,269;81,68;100,10;298,90
1,300;1,001;0,942;0,264;81,53;100,10;298,90
1,305;1,001;0,942;0,264;81,53;100,10;298,90
1,310;1,001;0,947;0,273;81,83;100,10;299,21
1,315;0,996;0,942;0,264;81,53;99,61;298,90
1,320;1,001;0,942;0,278;81,98;100,10;298,90
1,325;1,001;0,942;0,264;81,53;100,10;298,90
1,330;0,996;0,947;0,269;81,68;99,61;299,21
1,335;1,001;0,942;0,264;81,53;100,10;298,90
1,340;1,001;0,942;0,264;81,53;100,10;298,90
1,345;0,996;0,942;0,264;81,53;99,61;298,90
1,350;1,001;0,942;0,264;81,53;100,10;298,90
1,355;1,001;0,942;0,264;81,53;100,10;298,90
1,360;1,001;0,942;0,264;81,53;100,10;298,90
1,365;1,001;0,942;0,264;81,53;100,10;298,90
1,370;0,996;0,942;0,264;81,53;99,61;298,90
1,375;1,001;0,942;0,264;81,53;100,10;298,90
1,380;1,001;0,942;0,264;81,53;100,10;298,90
1,385;0,996;0,942;0,264;81,53;99,61;298,90
1,390;1,001;0,942;0,264;81,53;100,10;298,90
1,395;0,996;0,942;0,264;81,53;99,61;298,90
1,400;1,001;0,942;0,264;81,53;100,10;298,90
1,405;1,001;0,942;0,264;81,53;100,10;298,90
1,410;0,996;0,942;0,264;81,53;99,61;298,90
1,415;1,001;0,942;0,264;81,53;100,10;298,90
1,420;0,996;0,942;0,264;81,53;99,61;298,90
1,425;0,996;0,942;0,264;81,53;99,61;298,90
1,430;1,001;0,942;0,264;81,53;100,10;298,90
1,435;1,001;0,942;0,264;81,53;100,10;298,90
1,440;1,001;0,942;0,264;81,53;100,10;298,90
1,445;1,001;0,942;0,264;81,53;100,10;298,90
1,450;0,996;0,942;0,264;81,53;99,61;298,90
1,455;1,001;0,942;0,264;81,53;100,10;298,90
1,460;1,001;0,942;0,264;81,53;100,10;298,90
1,465;1,001;0,942;0,264;81,53;100,10;298,90
1,470;1,001;0,942;0,264;81,53;100,10;298,90
1,475;0,996;0,942;0,254;81,22;99,61;298,90
1,480;1,001;0,942;0,264;81,53;100,10;298,90
1,485;1,001;0,942;0,269;81,68;100,10;298,90
1,490;0,996;0,942;0,264;81,53;99,61;298,90
1,495;1,001;0,942;0,264;81,53;100,10;298,90
1,500;1,001;0,942;0,264;81,53;100,10;298,90
1,505;1,001;0,942;0,264;81,53;100,10;298,90
1,510;1,001;0,942;0,264;81,53;100,10;298,90
1,515;0,996;0,937;0,264;81,53;99,61;298,58
1,520;1,001;0,942;0,264;81,53;100,10;298,90
1,525;0,996;0,942;0,264;81,53;99,61;298,90
1,530;0,996;0,942;0,264;81,53;99,61;298,90
1,535;1,001;0,942;0,264;81,53;100,10;298,90
1,540;0,996;0,942;0,264;81,53;99,61;298,90
1,545;1,001;0,942;0,264;81,53;100,10;298,90
1,550;1,001;0,942;0,264;81,53;100,10;298,90
1,555;0,991;0,942;0,264;81,53;99,12;298,90
1,560;1,001;0,942;0,264;81,53;100,10;298,90
1,565;1,001;0,942;0,264;81,53;100,10;298,90
1,570;1,001;0,942;0,264;81,53;100,10;298,90
1,575;1,001;0,942;0,264;81,53;100,10;298,90
1,580;0,996;0,942;0,264;81,53;99,61;298,90
1,585;1,001;0,942;0,264;81,53;100,10;298,90
1,590;1,001;0,942;0,273;81,83;100,10;298,90
1,595;0,996;0,942;0,264;81,53;99,61;298,90
1,600;1,001;0,942;0,264;81,53;100,10;298,90
1,605;0,996;0,942;0,264;81,53;99,61;298,90
1,610;1,001;0,942;0,264;81,53;100,10;298,90
1,615;1,001;0,942;0,264;81,53;100,10;298,90
1,620;0,996;0,942;0,264;81,53;99,61;298,90
1,625;1,001;0,942;0,264;81,53;100,10;298,90
1,630;0,996;0,942;0,264;81,53;99,61;298,90
1,635;0,996;0,942;0,264;81,53;99,61;298,90
1,640;1,001;0,942;0,264;81,53;100,10;298,90
1,645;0,996;0,942;0,269;81,68;99,61;298,90
1,650;1,001;0,942;0,264;81,53;100,10;298,90
1,655;1,001;0,942;0,264;81,53;100,10;298,90
1,660;1,001;0,942;0,264;81,53;100,10;298,90
1,665;0,996;0,942;0,264;81,53;99,61;298,90
1,670;1,001;0,942;0,264;81,53;100,10;298,90
1,675;1,001;0,942;0,264;81,53;100,10;298,90
1,680;1,001;0,942;0,264;81,53;100,10;298,90
1,685;0,996;0,942;0,264;81,53;99,61;298,90
1,690;1,001;0,942;0,264;81,53;100,10;298,90
1,695;1,001;0,942;0,264;81,53;100,10;298,90
1,700;1,001;0,937;0,264;81,53;100,10;298,58
1,705;1,001;0,942;0,264;81,53;100,10;298,90
1,710;0,996;0,942;0,264;81,53;99,61;298,90
1,715;1,001;0,942;0,264;81,53;100,10;298,90
1,720;1,001;0,942;0,264;81,53;100,10;298,90
1,725;0,996;0,942;0,264;81,53;99,61;298,90
1,730;1,001;0,942;0,264;81,53;100,10;298,90
1,735;1,001;0,942;0,264;81,53;100,10;298,90
1,740;1,001;0,942;0,264;81,53;100,10;298,90
1,745;0,996;0,942;0,264;81,53;99,61;298,90
1,750;0,996;0,942;0,264;81,53;99,61;298,90
1,755;1,001;0,942;0,264;81,53;100,10;298,90
1,760;1,001;0,942;0,264;81,53;100,10;298,90
1,765;1,001;0,942;0,264;81,53;100,10;298,90
1,770;1,001;0,942;0,264;81,53;100,10;298,90
1,775;1,001;0,942;0,264;81,53;100,10;298,90
1,780;1,001;0,942;0,264;81,53;100,10;298,90
1,785;1,001;0,942;0,264;81,53;100,10;298,90
1,790;1,001;0,942;0,264;81,53;100,10;298,90
1,795;0,996;0,942;0,259;81,37;99,61;298,90
1,800;0,991;0,942;0,264;81,53;99,12;298,90
1,805;0,996;0,942;0,264;81,53;99,61;298,90
1,810;1,001;0,942;0,264;81,53;100,10;298,90
1,815;0,996;0,942;0,269;81,68;99,61;298,90
1,820;1,001;0,942;0,264;81,53;100,10;298,90
1,825;1,001;0,942;0,264;81,53;100,10;298,90
1,830;1,001;0,942;0,264;81,53;100,10;298,90
1,835;1,001;0,942;0,264;81,53;100,10;298,90
1,840;0,996;0,942;0,264;81,53;99,61;298,90
1,845;1,001;0,942;0,264;81,53;100,10;298,90
1,850;1,001;0,933;0,264;81,53;100,10;298,26
1,855;0,996;0,942;0,264;81,53;99,61;298,90
1,860;1,001;0,942;0,264;81,53;100,10;298,90
1,865;0,991;0,937;0,264;81,53;99,12;298,58
1,870;1,001;0,942;0,264;81,53;100,10;298,90
1,875;1,001;0,942;0,264;81,53;100,10;298,90
1,880;1,001;0,942;0,264;81,53;100,10;298,90
1,885;1,001;0,942;0,264;81,53;100,10;298,90
1,890;0,996;0,942;0,254;81,22;99,61;298,90
1,895;1,001;0,942;0,264;81,53;100,10;298,90
1,900;1,001;0,942;0,264;81,53;100,10;298,90
1,905;0,996;0,942;0,239;80,76;99,61;298,90
1,910;0,996;0,942;0,234;80,61;99,61;298,90
1,915;0,996;0,942;0,264;81,53;99,61;298,90
1,920;1,001;0,942;0,254;81,22;100,10;298,90
1,925;1,001;0,942;0,269;81,68;100,10;298,90
1,930;0,996;0,942;0,273;81,83;99,61;298,90
1,935;1,001;0,942;0,264;81,53;100,10;298,90
1,940;0,996;0,942;0,259;81,37;99,61;298,90
1,945;1,001;0,942;0,264;81,53;100,10;298,90
1,950;1,001;0,942;0,264;81,53;100,10;298,90
1,955;0,996;0,942;0,264;81,53;99,61;298,90
1,960;1,001;0,942;0,264;81,53;100,10;298,90
1,965;1,001;0,942;0,264;81,53;100,10;298,90
1,970;1,001;0,942;0,264;81,53;100,10;298,90
1,975;0,991;0,942;0,264;81,53;99,12;298,90
1,980;0,996;0,942;0,264;81,53;99,61;298,90
1,985;1,001;0,942;0,264;81,53;100,10;298,90
1,990;0,996;0,942;0,264;81,53;99,61;298,90
1,995;1,001;0,952;0,264;81,53;100,10;299,53
2,000;1,001;0,942;0,264;81,53;100,10;298,90
2,005;0,996;0,942;0,264;81,53;99,61;298,90
2,010;1,001;0,942;0,264;81,53;100,10;298,90
2,015;1,001;0,942;0,264;81,53;100,10;298,90
2,020;1,001;0,942;0,264;81,53;100,10;298,90
2,025;1,001;0,942;0,264;81,53;100,10;298,90
2,030;1,001;0,942;0,264;81,53;100,10;298,90
2,035;1,001;0,942;0,264;81,53;100,10;298,90
2,040;0,996;0,942;0,264;81,53;99,61;298,90
2,045;0,996;0,942;0,264;81,53;99,61;298,90
2,050;1,001;0,942;0,264;81,53;100,10;298,90
2,055;1,001;0,942;0,264;81,53;100,10;298,90
2,060;1,001;0,947;0,264;81,53;100,10;299,21
2,065;1,001;0,942;0,264;81,53;100,10;298,90
2,070;0,996;0,942;0,264;81,53;99,61;298,90
2,075;1,001;0,942;0,264;81,53;100,10;298,90
2,080;1,001;0,942;0,254;81,22;100,10;298,90
2,085;1,001;0,942;0,264;81,53;100,10;298,90
2,090;1,001;0,942;0,264;81,53;100,10;298,90
2,095;0,996;0,942;0,264;81,53;99,61;298,90
2,100;1,001;0,942;0,264;81,53;100,10;298,90
2,105;1,001;0,942;0,264;81,53;100,10;298,90
2,110;0,996;0,942;0,264;81,53;99,61;298,90
2,115;1,001;0,942;0,264;81,53;100,10;298,90
2,120;0,996;0,942;0,264;81,53;99,61;298,90
2,125;1,001;0,942;0,264;81,53;100,10;298,90
2,130;1,001;0,942;0,264;81,53;100,10;298,90
2,135;0,996;0,942;0,273;81,83;99,61;298,90
2,140;1,001;0,942;0,264;81,53;100,10;298,90
2,145;1,001;0,942;0,273;81,83;100,10;298,90
2,150;1,001;0,942;0,264;81,53;100,10;298,90
2,155;1,001;0,942;0,259;81,37;100,10;298,90
2,160;0,996;0,942;0,264;81,53;99,61;298,90
2,165;1,001;0,942;0,264;81,53;100,10;298,90
2,170;1,001;0,942;0,269;81,68;100,10;298,90
2,175;1,001;0,937;0,264;81,53;100,10;298,58
2,180;1,001;0,942;0,264;81,53;100,10;298,90
2,185;0,996;0,942;0,264;81,53;99,61;298,90
2,190;1,001;0,942;0,264;81,53;100,10;298,90
2,195;1,001;0,942;0,264;81,53;100,10;298,90
2,200;0,996;0,942;0,264;81,53;99,61;298,90
2,205;1,001;0,942;0,264;81,53;100,10;298,90
2,210;1,001;0,942;0,264;81,53;100,10;298,90
2,215;0,996;0,942;0,264;81,53;99,61;298,90
2,220;1,001;0,942;0,264;81,53;100,10;298,90
2,225;0,996;0,942;0,264;81,53;99,61;298,90
2,230;1,001;0,942;0,264;81,53;100,10;298,90
2,235;1,001;0,942;0,264;81,53;100,10;298,90
2,240;1,001;0,942;0,264;81,53;100,10;298,90
2,245;1,001;0,942;0,264;81,53;100,10;298,90
2,250;0,996;0,942;0,264;81,53;99,61;298,90
2,255;1,006;0,942;0,264;81,53;100,59;298,90
2,260;0,996;0,942;0,269;81,68;99,61;298,90
2,265;1,001;0,942;0,264;81,53;100,10;298,90
2,270;1,001;0,942;0,264;81,53;100,10;298,90
2,275;0,996;0,962;0,264;81,53;99,61;300,17
2,280;1,001;0,942;0,264;81,53;100,10;298,90
2,285;1,001;0,942;0,264;81,53;100,10;298,90
2,290;1,001;0,942;0,264;81,53;100,10;298,90
2,295;1,001;0,942;0,264;81,53;100,10;298,90
2,300;0,996;0,942;0,264;81,53;99,61;298,90
2,305;1,001;0,942;0,264;81,53;100,10;298,90
2,310;1,001;0,942;0,264;81,53;100,10;298,90
2,315;0,996;0,942;0,264;81,53;99,61;298,90
2,320;1,001;0,942;0,273;81,83;100,10;298,90
2,325;0,996;0,942;0,264;81,53;99,61;298,90
2,330;1,001;0,942;0,264;81,53;100,10;298,90
2,335;1,001;0,942;0,264;81,53;100,10;298,90
2,340;1,001;0,942;0,264;81,53;100,10;298,90
2,345;1,001;0,942;0,264;81,53;100,10;298,90
2,350;1,001;0,942;0,264;81,53;100,10;298,90
2,355;1,001;0,942;0,264;81,53;100,10;298,90
2,360;1,001;0,942;0,264;81,53;100,10;298,90
2,365;0,996;0,942;0,264;81,53;99,61;298,90
2,370;1,001;0,942;0,264;81,53;100,10;298,90
2,375;0,996;0,942;0,264;81,53;99,61;298,90
2,380;1,001;0,942;0,264;81,53;100,10;298,90
2,385;1,006;0,942;0,264;81,53;100,59;298,90
2,390;0,996;0,942;0,264;81,53;99,61;298,90
2,395;1,001;0,942;0,264;81,53;100,10;298,90
2,400;0,991;0,942;0,264;81,53;99,12;298,90
2,405;1,001;0,942;0,264;81,53;100,10;298,90
2,410;1,001;0,942;0,264;81,53;100,10;298,90
2,415;0,996;0,942;0,264;81,53;99,61;298,90
2,420;1,001;0,942;0,264;81,53;100,10;298,90
2,425;1,001;0,942;0,264;81,53;100,10;298,90
2,430;1,001;0,942;0,264;81,53;100,10;298,90
2,435;1,001;0,942;0,264;81,53;100,10;298,90
2,440;0,996;0,942;0,264;81,53;99,61;298,90
2,445;1,006;0,942;0,264;81,53;100,59;298,90
2,450;1,001;0,952;0,264;81,53;100,10;299,53
2,455;1,001;0,942;0,264;81,53;100,10;298,90
2,460;1,001;0,937;0,264;81,53;100,10;298,58
2,465;1,006;0,937;0,264;81,53;100,59;298,58
2,470;1,001;0,942;0,264;81,53;100,10;298,90
2,475;1,001;0,937;0,264;81,53;100,10;298,58
2,480;0,996;0,942;0,264;81,53;99,61;298,90
2,485;1,001;0,942;0,264;81,53;100,10;298,90
2,490;1,001;0,942;0,259;81,37;100,10;298,90
2,495;1,001;0,942;0,264;81,53;100,10;298,90
2,500;1,001;0,942;0,264;81,53;100,10;298,90
2,505;0,996;0,942;0,239;80,76;99,61;298,90
2,510;1,001;0,942;0,244;80,92;100,10;298,90
2,515;1,001;0,942;0,273;81,83;100,10;298,90
2,520;1,001;0,942;0,264;81,53;100,10;298,90
2,525;1,001;0,942;0,264;81,53;100,10;298,90
2,530;0,996;0,942;0,278;81,98;99,61;298,90
2,535;1,001;0,942;0,264;81,53;100,10;298,90
2,540;1,001;0,942;0,273;81,83;100,10;298,90
2,545;1,001;0,942;0,264;81,53;100,10;298,90
2,550;1,001;0,942;0,264;81,53;100,10;298,90
2,555;0,996;0,942;0,264;81,53;99,61;298,90
2,560;1,001;0,942;0,264;81,53;100,10;298,90
2,565;1,001;0,942;0,264;81,53;100,10;298,90
2,570;0,996;0,942;0,264;81,53;99,61;298,90
2,575;1,001;0,942;0,264;81,53;100,10;298,90
2,580;0,996;0,942;0,264;81,53;99,61;298,90
2,585;1,001;0,942;0,264;81,53;100,10;298,90
2,590;1,001;0,942;0,264;81,53;100,10;298,90
2,595;0,996;0,947;0,264;81,53;99,61;299,21
2,600;1,001;0,942;0,264;81,53;100,10;298,90
2,605;1,001;0,942;0,264;81,53;100,10;298,90
2,610;0,996;0,947;0,264;81,53;99,61;299,21
2,615;1,001;0,942;0,273;81,83;100,10;298,90
2,620;0,996;0,942;0,264;81,53;99,61;298,90
2,625;0,996;0,942;0,264;81,53;99,61;298,90
2,630;1,001;0,942;0,264;81,53;100,10;298,90
2,635;0,996;0,937;0,264;81,53;99,61;298,58
2,640;1,001;0,942;0,264;81,53;100,10;298,90
2,645;1,001;0,942;0,264;81,53;100,10;298,90
2,650;1,001;0,942;0,264;81,53;100,10;298,90
2,655;1,001;0,942;0,264;81,53;100,10;298,90
2,660;0,996;0,942;0,264;81,53;99,61;298,90
2,665;1,001;0,942;0,264;81,53;100,10;298,90
2,670;0,996;0,942;0,264;81,53;99,61;298,90
2,675;1,001;0,942;0,264;81,53;100,10;298,90
2,680;1,001;0,942;0,264;81,53;100,10;298,90
2,685;0,996;0,942;0,264;81,53;99,61;298,90
2,690;1,001;0,942;0,264;81,53;100,10;298,90
2,695;1,001;0,942;0,264;81,53;100,10;298,90
2,700;1,001;0,942;0,264;81,53;100,10;298,90
2,705;1,001;0,942;0,264;81,53;100,10;298,90
2,710;0,996;0,942;0,264;81,53;99,61;298,90
2,715;1,001;0,942;0,264;81,53;100,10;298,90
2,720;1,001;0,942;0,264;81,53;100,10;298,90
2,725;0,996;0,942;0,264;81,53;99,61;298,90
2,730;1,001;0,942;0,264;81,53;100,10;298,90
2,735;0,996;0,942;0,264;81,53;99,61;298,90
2,740;1,001;0,942;0,264;81,53;100,10;298,90
2,745;1,001;0,942;0,264;81,53;100,10;298,90
2,750;0,996;0,942;0,264;81,53;99,61;298,90
2,755;1,001;0,942;0,273;81,83;100,10;298,90
2,760;1,001;0,942;0,264;81,53;100,10;298,90
2,765;1,001;0,942;0,264;81,53;100,10;298,90
2,770;1,001;0,942;0,264;81,53;100,10;298,90
2,775;0,996;0,942;0,264;81,53;99,61;298,90
2,780;1,001;0,942;0,264;81,53;100,10;298,90
2,785;1,001;0,942;0,264;81,53;100,10;298,90
2,790;1,001;0,942;0,264;81,53;100,10;298,90
2,795;1,001;0,942;0,264;81,53;100,10;298,90
2,800;0,996;0,942;0,264;81,53;99,61;298,90
2,805;1,001;0,942;0,264;81,53;100,10;298,90
2,810;1,001;0,942;0,264;81,53;100,10;298,90
2,815;1,001;0,942;0,264;81,53;100,10;298,90
2,820;1,001;0,942;0,264;81,53;100,10;298,90
2,825;0,996;0,942;0,264;81,53;99,61;298,90
2,830;1,001;0,942;0,264;81,53;100,10;298,90
2,835;1,006;0,942;0,264;81,53;100,59;298,90
2,840;1,001;0,942;0,264;81,53;100,10;298,90
2,845;1,001;0,942;0,264;81,53;100,10;298,90
2,850;1,001;0,942;0,264;81,53;100,10;298,90
2,855;1,001;0,942;0,264;81,53;100,10;298,90
2,860;1,001;0,942;0,264;81,53;100,10;298,90
2,865;0,996;0,942;0,264;81,53;99,61;298,90
2,870;1,001;0,942;0,264;81,53;100,10;298,90
2,875;0,996;0,942;0,264;81,53;99,61;298,90
2,880;1,001;0,942;0,264;81,53;100,10;298,90
2,885;1,001;0,942;0,264;81,53;100,10;298,90
2,890;0,996;0,942;0,264;81,53;99,61;298,90
2,895;1,001;0,942;0,259;81,37;100,10;298,90
2,900;1,001;0,942;0,264;81,53;100,10;298,90
2,905;0,996;0,942;0,264;81,53;99,61;298,90
2,910;1,001;0,942;0,264;81,53;100,10;298,90
2,915;0,996;0,942;0,264;81,53;99,61;298,90
2,920;1,001;0,942;0,264;81,53;100,10;298,90
2,925;1,001;0,942;0,264;81,53;100,10;298,90
2,930;0,996;0,942;0,264;81,53;99,61;298,90
2,935;1,001;0,942;0,264;81,53;100,10;298,90
2,940;0,996;0,942;0,269;81,68;99,61;298,90
2,945;1,001;0,942;0,264;81,53;100,10;298,90
2,950;1,001;0,942;0,264;81,53;100,10;298,90
2,955;0,996;0,942;0,264;81,53;99,61;298,90
2,960;1,001;0,942;0,264;81,53;100,10;298,90
2,965;1,001;0,942;0,264;81,53;100,10;298,90
2,970;1,001;0,942;0,264;81,53;100,10;298,90
2,975;1,001;0,942;0,264;81,53;100,10;298,90
2,980;0,996;0,942;0,264;81,53;99,61;298,90
2,985;0,996;0,942;0,264;81,53;99,61;298,90
2,990;1,001;0,942;0,264;81,53;100,10;298,90
2,995;1,001;0,942;0,264;81,53;100,10;298,90
3,000;1,001;0,942;0,264;81,53;100,10;298,90
3,005;0,996;0,942;0,264;81,53;99,61;298,90
3,010;1,001;0,942;0,264;81,53;100,10;298,90
3,015;0,996;0,942;0,269;81,68;99,61;298,90
3,020;1,001;0,942;0,264;81,53;100,10;298,90
3,025;1,001;0,942;0,264;81,53;100,10;298,90
3,030;1,001;0,942;0,264;81,53;100,10;298,90
3,035;0,996;0,942;0,264;81,53;99,61;298,90
3,040;0,996;0,942;0,264;81,53;99,61;298,90
3,045;1,001;0,942;0,264;81,53;100,10;298,90
3,050;1,001;0,942;0,264;81,53;100,10;298,90
3,055;1,001;0,942;0,264;81,53;100,10;298,90
3,060;1,001;0,942;0,264;81,53;100,10;298,90
3,065;1,001;0,947;0,264;81,53;100,10;299,21
3,070;1,001;0,937;0,264;81,53;100,10;298,58
3,075;1,001;0,947;0,264;81,53;100,10;299,21
3,080;0,996;0,942;0,264;81,53;99,61;298,90
3,085;1,001;0,933;0,264;81,53;100,10;298,26
3,090;0,996;0,942;0,264;81,53;99,61;298,90
3,095;1,001;0,952;0,264;81,53;100,10;299,53
3,100;1,001;0,942;0,264;81,53;100,10;298,90
3,105;0,996;0,942;0,269;81,68;99,61;298,90
3,110;1,001;0,942;0,283;82,14;100,10;298,90
3,115;1,001;0,942;0,273;81,83;100,10;298,90
3,120;1,001;0,942;0,264;81,53;100,10;298,90
3,125;1,001;0,942;0,264;81,53;100,10;298,90
3,130;0,996;0,942;0,264;81,53;99,61;298,90
3,135;1,001;0,942;0,264;81,53;100,10;298,90
3,140;1,001;0,942;0,264;81,53;100,10;298,90
3,145;1,006;0,942;0,264;81,53;100,59;298,90
3,150;1,001;0,942;0,264;81,53;100,10;298,90
3,155;0,996;0,942;0,264;81,53;99,61;298,90
3,160;1,001;0,942;0,264;81,53;100,10;298,90
3,165;1,001;0,942;0,269;81,68;100,10;298,90
3,170;1,001;0,942;0,264;81,53;100,10;298,90
3,175;1,001;0,942;0,264;81,53;100,10;298,90
3,180;0,996;0,942;0,264;81,53;99,61;298,90
3,185;1,001;0,942;0,264;81,53;100,10;298,90
3,190;1,001;0,942;0,264;81,53;100,10;298,90
3,195;1,001;0,942;0,264;81,53;100,10;298,90
3,200;1,001;0,942;0,264;81,53;100,10;298,90
3,205;0,996;0,942;0,264;81,53;99,61;298,90
3,210;1,001;0,942;0,264;81,53;100,10;298,90
3,215;0,991;0,942;0,264;81,53;99,12;298,90
3,220;1,001;0,942;0,264;81,53;100,10;298,90
3,225;1,006;0,942;0,264;81,53;100,59;298,90
3,230;0,996;0,942;0,264;81,53;99,61;298,90
3,235;1,001;0,942;0,264;81,53;100,10;298,90
3,240;1,001;0,942;0,264;81,53;100,10;298,90
3,245;1,001;0,942;0,264;81,53;100,10;298,90
3,250;1,001;0,942;0,264;81,53;100,10;298,90
3,255;0,996;0,942;0,264;81,53;99,61;298,90
3,260;1,001;0,942;0,264;81,53;100,10;298,90
3,265;1,001;0,942;0,264;81,53;100,10;298,90
3,270;1,001;0,942;0,264;81,53;100,10;298,90
3,275;1,001;0,942;0,264;81,53;100,10;298,90
3,280;0,996;0,942;0,264;81,53;99,61;298,90
3,285;1,001;0,942;0,264;81,53;100,10;298,90
3,290;1,001;0,942;0,264;81,53;100,10;298,90
3,295;1,001;0,942;0,264;81,53;100,10;298,90
3,300;1,001;0,942;0,264;81,53;100,10;298,90
3,305;0,996;0,942;0,264;81,53;99,61;298,90
3,310;1,001;0,937;0,264;81,53;100,10;298,58
3,315;1,001;0,942;0,264;81,53;100,10;298,90
3,320;1,001;0,942;0,278;81,98;100,10;298,90
3,325;1,001;0,942;0,264;81,53;100,10;298,90
3,330;0,996;0,942;0,264;81,53;99,61;298,90
3,335;1,001;0,942;0,264;81,53;100,10;298,90
3,340;0,996;0,942;0,264;81,53;99,61;298,90
3,345;0,996;0,942;0,264;81,53;99,61;298,90
3,350;1,001;0,942;0,264;81,53;100,10;298,90
3,355;0,996;0,942;0,264;81,53;99,61;298,90
3,360;1,001;0,942;0,264;81,53;100,10;298,90
3,365;1,001;0,942;0,264;81,53;100,10;298,90
3,370;0,996;0,942;0,264;81,53;99,61;298,90
3,375;1,001;0,942;0,264;81,53;100,10;298,90
3,380;0,996;0,942;0,264;81,53;99,61;298,90
3,385;1,001;0,942;0,254;81,22;100,10;298,90
3,390;1,001;0,942;0,264;81,53;100,10;298,90
3,395;0,996;0,942;0,264;81,53;99,61;298,90
3,400;1,001;0,942;0,264;81,53;100,10;298,90
3,405;0,996;0,942;0,264;81,53;99,61;298,90
3,410;0,996;0,942;0,264;81,53;99,61;298,90
3,415;1,001;0,942;0,254;81,22;100,10;298,90
3,420;0,996;0,942;0,264;81,53;99,61;298,90
3,425;1,001;0,942;0,264;81,53;100,10;298,90
3,430;1,001;0,942;0,264;81,53;100,10;298,90
3,435;1,001;0,937;0,264;81,53;100,10;298,58
3,440;1,001;0,942;0,264;81,53;100,10;298,90
3,445;0,996;0,942;0,264;81,53;99,61;298,90
3,450;1,001;0,942;0,264;81,53;100,10;298,90
3,455;0,996;0,937;0,264;81,53;99,61;298,58
3,460;1,001;0,942;0,264;81,53;100,10;298,90
3,465;1,001;0,942;0,264;81,53;100,10;298,90
3,470;0,996;0,942;0,264;81,53;99,61;298,90
3,475;1,001;0,942;0,264;81,53;100,10;298,90
3,480;0,996;0,942;0,269;81,68;99,61;298,90
3,485;1,001;0,942;0,264;81,53;100,10;298,90
3,490;1,001;0,942;0,264;81,53;100,10;298,90
3,495;1,001;0,942;0,264;81,53;100,10;298,90
3,500;1,001;0,942;0,264;81,53;100,10;298,90
3,505;1,001;0,942;0,264;81,53;100,10;298,90
3,510;1,001;0,942;0,264;81,53;100,10;298,90
3,515;1,001;0,933;0,264;81,53;100,10;298,26
3,520;0,996;0,942;0,264;81,53;99,61;298,90
3,525;1,001;0,942;0,264;81,53;100,10;298,90
3,530;1,001;0,942;0,264;81,53;100,10;298,90
3,535;1,001;0,942;0,264;81,53;100,10;298,90
3,540;1,001;0,942;0,264;81,53;100,10;298,90
3,545;0,996;0,947;0,264;81,53;99,61;299,21
3,550;1,001;0,942;0,264;81,53;100,10;298,90
3,555;1,001;0,942;0,264;81,53;100,10;298,90
3,560;1,001;0,942;0,264;81,53;100,10;298,90
3,565;1,001;0,942;0,264;81,53;100,10;298,90
3,570;1,001;0,942;0,264;81,53;100,10;298,90
3,575;0,996;0,942;0,264;81,53;99,61;298,90
3,580;1,001;0,942;0,264;81,53;100,10;298,90
3,585;1,001;0,942;0,264;81,53;100,10;298,90
3,590;1,001;0,942;0,264;81,53;100,10;298,90
3,595;0,996;0,942;0,264;81,53;99,61;298,90
3,600;1,001;0,942;0,264;81,53;100,10;298,90
3,605;0,996;0,942;0,264;81,53;99,61;298,90
3,610;1,001;0,942;0,264;81,53;100,10;298,90
3,615;1,001;0,942;0,259;81,37;100,10;298,90
3,620;0,996;0,942;0,264;81,53;99,61;298,90
3,625;1,001;0,942;0,264;81,53;100,10;298,90
3,630;0,996;0,942;0,264;81,53;99,61;298,90
3,635;1,001;0,942;0,264;81,53;100,10;298,90
3,640;1,001;0,942;0,264;81,53;100,10;298,90
3,645;0,996;0,942;0,264;81,53;99,61;298,90
3,650;1,001;0,942;0,264;81,53;100,10;298,90
3,655;1,001;0,942;0,264;81,53;100,10;298,90
3,660;1,001;0,937;0,264;81,53;100,10;298,58
3,665;1,001;0,937;0,264;81,53;100,10;298,58
3,670;0,996;0,947;0,264;81,53;99,61;299,21
3,675;1,001;0,937;0,264;81,53;100,10;298,58
3,680;1,001;0,942;0,264;81,53;100,10;298,90
3,685;0,986;0,947;0,264;81,53;98,63;299,21
3,690;1,001;0,942;0,259;81,37;100,10;298,90
3,695;0,996;0,942;0,264;81,53;99,61;298,90
3,700;1,001;0,942;0,264;81,53;100,10;298,90
3,705;1,001;0,952;0,264;81,53;100,10;299,53
3,710;0,996;0,942;0,254;81,22;99,61;298,90
3,715;1,001;0,942;0,259;81,37;100,10;298,90
3,720;1,001;0,942;0,273;81,83;100,10;298,90
3,725;1,001;0,947;0,259;81,37;100,10;299,21
3,730;1,001;0,942;0,269;81,68;100,10;298,90
3,735;0,996;0,942;0,259;81,37;99,61;298,90
3,740;0,991;0,942;0,283;82,14;99,12;298,90
3,745;0,986;0,937;0,312;83,05;98,63;298,58
3,750;0,977;0,937;0,337;83,81;97,66;298,58
3,755;0,962;0,937;0,376;85,03;96,19;298,58
3,760;0,937;0,933;0,435;86,86;93,75;298,26
3,765;0,923;0,923;0,508;89,14;92,29;297,62
3,770;0,889;0,918;0,596;91,89;88,87;297,31
3,775;0,859;0,903;0,703;95,24;85,94;296,35
3,780;0,830;0,898;0,820;98,89;83,01;296,03
3,785;0,791;0,879;0,957;103,16;79,10;294,76
3,790;0,762;0,859;1,108;107,88;76,17;293,49
3,795;0,728;0,845;1,274;113,06;72,75;292,53
3,800;0,693;0,825;1,450;118,55;69,34;291,26
3,805;0,659;0,801;1,641;124,49;65,92;289,67
3,810;0,625;0,781;1,836;130,58;62,50;288,40
3,815;0,596;0,757;2,031;136,68;59,57;286,81
3,820;0,576;0,737;2,241;143,23;57,62;285,54
3,825;0,547;0,713;2,451;149,78;54,69;283,94
3,830;0,527;0,688;2,666;156,48;52,73;282,35
3,835;0,498;0,669;2,881;163,18;49,80;281,08
3,840;0,483;0,645;3,101;170,04;48,34;279,49
3,845;0,464;0,625;3,320;176,89;46,39;278,22
3,850;0,449;0,601;3,535;183,60;44,92;276,63
3,855;0,430;0,581;3,740;190,00;42,97;275,36
3,860;0,415;0,562;3,984;197,61;41,50;274,08
3,865;0,405;0,542;4,199;204,32;40,53;272,81
3,870;0,391;0,522;4,414;211,02;39,06;271,54
3,875;0,396;0,508;4,526;214,52;39,55;270,58
3,880;0,391;0,488;4,517;214,22;39,06;269,31
3,885;0,381;0,479;4,521;214,37;38,09;268,68
3,890;0,391;0,464;4,521;214,37;39,06;267,72
3,895;0,381;0,454;4,521;214,37;38,09;267,08
3,900;0,381;0,444;4,521;214,37;38,09;266,45
3,905;0,391;0,439;4,526;214,52;39,06;266,13
3,910;0,391;0,435;4,521;214,37;39,06;265,81
3,915;0,391;0,430;4,521;214,37;39,06;265,49
3,920;0,381;0,430;4,521;214,37;38,09;265,49
3,925;0,391;0,425;4,521;214,37;39,06;265,18
3,930;0,391;0,430;4,521;214,37;39,06;265,49
3,935;0,391;0,430;4,517;214,22;39,06;265,49
3,940;0,391;0,430;4,517;214,22;39,06;265,49
3,945;0,386;0,425;4,517;214,22;38,57;265,18
3,950;0,391;0,425;4,512;214,07;39,06;265,18
3,955;0,391;0,425;4,517;214,22;39,06;265,18
3,960;0,391;0,425;4,512;214,07;39,06;265,18
3,965;0,381;0,430;4,517;214,22;38,09;265,49
3,970;0,391;0,430;4,517;214,22;39,06;265,49
3,975;0,391;0,430;4,512;214,07;39,06;265,49
3,980;0,391;0,430;4,517;214,22;39,06;265,49
3,985;0,391;0,430;4,512;214,07;39,06;265,49
3,990;0,400;0,430;4,463;212,54;40,04;265,49
3,995;0,396;0,430;4,365;209,50;39,55;265,49
4,000;0,405;0,435;4,287;207,06;40,53;265,81
4,005;0,410;0,439;4,219;204,93;41,02;266,13
4,010;0,415;0,444;4,146;202,64;41,50;266,45
4,015;0,420;0,449;4,048;199,59;41,99;266,77
4,020;0,420;0,459;3,955;196,70;41,99;267,40
4,025;0,435;0,469;3,857;193,65;43,46;268,04
4,030;0,444;0,474;3,750;190,30;44,43;268,36
4,035;0,449;0,483;3,652;187,25;44,92;268,99
4,040;0,459;0,488;3,535;183,60;45,90;269,31
4,045;0,469;0,498;3,428;180,25;46,88;269,95
4,050;0,479;0,508;3,320;176,89;47,85;270,58
4,055;0,488;0,518;3,208;173,39;48,83;271,22
4,060;0,493;0,527;3,105;170,19;49,32;271,86
4,065;0,508;0,537;2,998;166,84;50,78;272,49
4,070;0,513;0,547;2,896;163,64;51,27;273,13
4,075;0,527;0,566;2,793;160,44;52,73;274,40
4,080;0,537;0,571;2,695;157,39;53,71;274,72
4,085;0,547;0,581;2,598;154,35;54,69;275,36
4,090;0,562;0,591;2,500;151,30;56,15;275,99
4,095;0,571;0,605;2,402;148,25;57,13;276,95
4,100;0,581;0,615;2,310;145,36;58,11;277,58
4,105;0,596;0,625;2,222;142,62;59,57;278,22
4,110;0,601;0,635;2,134;139,87;60,06;278,85
4,115;0,615;0,645;2,046;137,13;61,52;279,49
4,120;0,625;0,659;1,963;134,54;62,50;280,45
4,125;0,640;0,669;1,885;132,10;63,96;281,08
4,130;0,649;0,679;1,807;129,67;64,94;281,72
4,135;0,664;0,688;1,733;127,38;66,41;282,35
4,140;0,674;0,703;1,660;125,10;67,38;283,31
4,145;0,688;0,708;1,592;122,96;68,85;283,63
4,150;0,703;0,718;1,528;120,98;70,31;284,26
4,155;0,713;0,732;1,460;118,85;71,29;285,22
4,160;0,723;0,742;1,401;117,02;72,27;285,85
4,165;0,737;0,752;1,338;115,04;73,73;286,49
4,170;0,747;0,762;1,289;113,52;74,71;287,13
4,175;0,762;0,767;1,230;111,69;76,17;287,44
4,180;0,771;0,781;1,182;110,17;77,15;288,40
4,185;0,781;0,791;1,138;108,80;78,12;289,03
4,190;0,791;0,801;1,094;107,43;79,10;289,67
4,195;0,801;0,806;1,055;106,21;80,08;289,99
4,200;0,811;0,811;1,016;104,99;81,05;290,31
4,205;0,820;0,820;0,977;103,77;82,03;290,94
4,210;0,825;0,830;0,957;103,16;82,52;291,58
4,215;0,835;0,835;0,928;102,25;83,50;291,90
4,220;0,840;0,845;0,903;101,48;83,98;292,53
4,225;0,840;0,850;0,884;100,87;83,98;292,85
4,230;0,850;0,854;0,864;100,26;84,96;293,17
4,235;0,854;0,859;0,840;99,50;85,45;293,49
4,240;0,869;0,864;0,835;99,35;86,91;293,81
4,245;0,864;0,869;0,820;98,89;86,43;294,12
4,250;0,859;0,874;0,806;98,44;85,94;294,44
4,255;0,869;0,879;0,791;97,98;86,91;294,76
4,260;0,869;0,884;0,781;97,68;86,91;295,08
4,265;0,879;0,898;0,762;97,07;87,89;296,03
4,270;0,879;0,894;0,747;96,61;87,89;295,72
4,275;0,884;0,903;0,732;96,15;88,38;296,35
4,280;0,889;0,913;0,713;95,54;88,87;296,99
4,285;0,894;0,913;0,703;95,24;89,36;296,99
4,290;0,898;0,918;0,684;94,63;89,84;297,31
4,295;0,903;0,928;0,674;94,32;90,33;297,94
4,300;0,908;0,937;0,664;94,02;90,82;298,58
4,305;0,913;0,942;0,649;93,56;91,31;298,90
4,310;0,908;0,952;0,645;93,41;90,82;299,53
4,315;0,918;0,957;0,625;92,80;91,80;299,85
4,320;0,918;0,962;0,601;92,04;91,80;300,17
4,325;0,918;0,977;0,605;92,19;91,80;301,12
4,330;0,928;0,977;0,586;91,58;92,77;301,12
4,335;0,928;0,986;0,591;91,73;92,77;301,76
4,340;0,928;0,991;0,581;91,43;92,77;302,08
4,345;0,937;0,996;0,562;90,82;93,75;302,40
4,350;0,937;1,006;0,562;90,82;93,75;303,03
4,355;0,937;1,011;0,552;90,51;93,75;303,35
4,360;0,942;1,016;0,547;90,36;94,24;303,67
4,365;0,942;1,025;0,532;89,91;94,24;304,30
4,370;0,947;1,025;0,527;89,75;94,73;304,30
4,375;0,947;1,035;0,518;89,45;94,73;304,94
4,380;0,957;1,040;0,508;89,14;95,70;305,26
4,385;0,957;1,045;0,498;88,84;95,70;305,58
4,390;0,962;1,050;0,488;88,53;96,19;305,89
4,395;0,962;1,055;0,483;88,38;96,19;306,21
4,400;0,962;1,060;0,479;88,23;96,19;306,53
4,405;0,967;1,064;0,469;87,93;96,68;306,85
4,410;0,967;1,069;0,469;87,93;96,68;307,17
4,415;0,972;1,069;0,459;87,62;97,17;307,17
4,420;0,972;1,074;0,449;87,32;97,17;307,49
4,425;0,977;1,079;0,439;87,01;97,66;307,80
4,430;0,977;1,084;0,435;86,86;97,66;308,12
4,435;0,977;1,094;0,430;86,71;97,66;308,76
4,440;0,981;1,094;0,430;86,71;98,14;308,76
4,445;0,986;1,094;0,420;86,40;98,63;308,76
4,450;0,986;1,099;0,410;86,10;98,63;309,08
4,455;0,991;1,099;0,400;85,79;99,12;309,08
4,460;0,991;1,104;0,396;85,64;99,12;309,39
4,465;0,996;1,104;0,391;85,49;99,61;309,39
4,470;0,996;1,108;0,381;85,18;99,61;309,71
4,475;0,996;1,113;0,376;85,03;99,61;310,03
4,480;1,001;1,113;0,361;84,57;100,10;310,03
4,485;1,006;1,118;0,356;84,42;100,59;310,35
4,490;1,006;1,118;0,352;84,27;100,59;310,35
4,495;1,016;1,118;0,342;83,96;101,56;310,35
4,500;1,016;1,118;0,332;83,66;101,56;310,35
4,505;1,016;1,123;0,322;83,35;101,56;310,67
4,510;1,016;1,123;0,317;83,20;101,56;310,67
4,515;1,021;1,128;0,312;83,05;102,05;310,98
4,520;1,025;1,133;0,308;82,90;102,54;311,30
4,525;1,025;1,133;0,303;82,75;102,54;311,30
4,530;1,030;1,133;0,293;82,44;103,03;311,30
4,535;1,025;1,133;0,293;82,44;102,54;311,30
4,540;1,035;1,133;0,283;82,14;103,52;311,30
4,545;1,035;1,138;0,283;82,14;103,52;311,62
4,550;1,030;1,138;0,278;81,98;103,03;311,62
4,555;1,035;1,138;0,273;81,83;103,52;311,62
4,560;1,035;1,138;0,273;81,83;103,52;311,62
4,565;1,035;1,138;0,273;81,83;103,52;311,62
4,570;1,035;1,138;0,273;81,83;103,52;311,62
4,575;1,035;1,138;0,273;81,83;103,52;311,62
4,580;1,040;1,138;0,269;81,68;104,00;311,62
4,585;1,035;1,138;0,264;81,53;103,52;311,62
4,590;1,035;1,138;0,264;81,53;103,52;311,62
4,595;1,040;1,143;0,264;81,53;104,00;311,94
4,600;1,035;1,143;0,264;81,53;103,52;311,94
4,605;1,040;1,143;0,264;81,53;104,00;311,94
4,610;1,040;1,143;0,264;81,53;104,00;311,94
4,615;1,040;1,143;0,259;81,37;104,00;311,94
4,620;1,040;1,138;0,259;81,37;104,00;311,62
4,625;1,040;1,138;0,254;81,22;104,00;311,62
4,630;1,040;1,138;0,254;81,22;104,00;311,62
4,635;1,040;1,138;0,254;81,22;104,00;311,62
4,640;1,040;1,143;0,254;81,22;104,00;311,94
4,645;1,045;1,138;0,254;81,22;104,49;311,62
4,650;1,040;1,143;0,254;81,22;104,00;311,94
4,655;1,040;1,143;0,254;81,22;104,00;311,94
4,660;1,040;1,143;0,254;81,22;104,00;311,94
4,665;1,040;1,143;0,254;81,22;104,00;311,94
4,670;1,040;1,143;0,254;81,22;104,00;311,94
4,675;1,040;1,143;0,254;81,22;104,00;311,94
4,680;1,040;1,143;0,254;81,22;104,00;311,94
4,685;1,040;1,143;0,249;81,07;104,00;311,94
4,690;1,035;1,143;0,254;81,22;103,52;311,94
4,695;1,040;1,138;0,273;81,83;104,00;311,62
4,700;1,040;1,143;0,249;81,07;104,00;311,94
4,705;1,040;1,143;0,249;81,07;104,00;311,94
4,710;1,040;1,143;0,249;81,07;104,00;311,94
4,715;1,040;1,143;0,254;81,22;104,00;311,94
4,720;1,040;1,143;0,254;81,22;104,00;311,94
4,725;1,040;1,143;0,249;81,07;104,00;311,94
4,730;1,035;1,138;0,254;81,22;103,52;311,62
4,735;1,040;1,143;0,249;81,07;104,00;311,94
4,740;1,040;1,138;0,254;81,22;104,00;311,62
4,745;1,040;1,143;0,254;81,22;104,00;311,94
4,750;1,040;1,143;0,254;81,22;104,00;311,94
4,755;1,035;1,138;0,254;81,22;103,52;311,62
4,760;1,040;1,138;0,254;81,22;104,00;311,62
4,765;1,040;1,138;0,254;81,22;104,00;311,62
4,770;1,040;1,138;0,254;81,22;104,00;311,62
4,775;1,040;1,138;0,254;81,22;104,00;311,62
4,780;1,035;1,138;0,254;81,22;103,52;311,62
4,785;1,040;1,138;0,254;81,22;104,00;311,62
4,790;1,035;1,133;0,254;81,22;103,52;311,30
4,795;1,035;1,138;0,254;81,22;103,52;311,62
4,800;1,035;1,138;0,254;81,22;103,52;311,62
4,805;1,035;1,138;0,254;81,22;103,52;311,62
4,810;1,040;1,138;0,249;81,07;104,00;311,62
4,815;1,030;1,138;0,249;81,07;103,03;311,62
4,820;1,035;1,138;0,254;81,22;103,52;311,62
4,825;1,035;1,138;0,249;81,07;103,52;311,62
4,830;1,035;1,138;0,254;81,22;103,52;311,62
4,835;1,040;1,138;0,254;81,22;104,00;311,62
4,840;1,035;1,138;0,254;81,22;103,52;311,62
4,845;1,035;1,138;0,249;81,07;103,52;311,62
4,850;1,040;1,138;0,249;81,07;104,00;311,62
4,855;1,035;1,138;0,254;81,22;103,52;311,62
4,860;1,035;1,138;0,249;81,07;103,52;311,62
4,865;1,035;1,138;0,254;81,22;103,52;311,62
4,870;1,035;1,138;0,254;81,22;103,52;311,62
4,875;1,035;1,138;0,249;81,07;103,52;311,62
4,880;1,035;1,138;0,254;81,22;103,52;311,62
4,885;1,035;1,133;0,254;81,22;103,52;311,30
4,890;1,040;1,128;0,254;81,22;104,00;310,98
4,895;1,035;1,138;0,254;81,22;103,52;311,62
4,900;1,035;1,133;0,254;81,22;103,52;311,30
4,905;1,035;1,138;0,254;81,22;103,52;311,62
4,910;1,040;1,133;0,254;81,22;104,00;311,30
4,915;1,035;1,138;0,249;81,07;103,52;311,62
4,920;1,030;1,138;0,264;81,53;103,03;311,62
4,925;1,035;1,133;0,249;81,07;103,52;311,30
4,930;1,035;1,138;0,273;81,83;103,52;311,62
4,935;1,035;1,138;0,249;81,07;103,52;311,62
4,940;1,035;1,138;0,249;81,07;103,52;311,62
4,945;1,030;1,138;0,259;81,37;103,03;311,62
4,950;1,035;1,133;0,254;81,22;103,52;311,30
4,955;1,035;1,138;0,264;81,53;103,52;311,62
4,960;1,035;1,133;0,254;81,22;103,52;311,30
4,965;1,035;1,138;0,249;81,07;103,52;311,62
4,970;1,030;1,133;0,254;81,22;103,03;311,30
4,975;1,035;1,133;0,249;81,07;103,52;311,30
4,980;1,035;1,133;0,254;81,22;103,52;311,30
4,985;1,035;1,133;0,249;81,07;103,52;311,30
4,990;1,035;1,133;0,254;81,22;103,52;311,30
4,995;1,030;1,133;0,254;81,22;103,03;311,30
5,000;1,035;1,133;0,249;81,07;103,52;311,30
5,005;1,035;1,133;0,249;81,07;103,52;311,30
5,010;1,030;1,133;0,249;81,07;103,03;311,30
5,015;1,035;1,133;0,249;81,07;103,52;311,30
5,020;1,035;1,133;0,254;81,22;103,52;311,30
5,025;1,025;1,128;0,254;81,22;102,54;310,98
5,030;1,035;1,133;0,254;81,22;103,52;311,30
5,035;1,030;1,128;0,254;81,22;103,03;310,98
5,040;1,035;1,128;0,249;81,07;103,52;310,98
5,045;1,030;1,133;0,254;81,22;103,03;311,30
5,050;1,035;1,128;0,254;81,22;103,52;310,98
5,055;1,025;1,133;0,254;81,22;102,54;311,30
5,060;1,030;1,128;0,254;81,22;103,03;310,98
5,065;1,035;1,123;0,249;81,07;103,52;310,67
5,070;1,035;1,128;0,254;81,22;103,52;310,98
5,075;1,030;1,128;0,254;81,22;103,03;310,98
5,080;1,035;1,123;0,254;81,22;103,52;310,67
5,085;1,025;1,123;0,254;81,22;102,54;310,67
5,090;1,035;1,123;0,249;81,07;103,52;310,67
5,095;1,030;1,123;0,249;81,07;103,03;310,67
5,100;1,030;1,123;0,254;81,22;103,03;310,67
5,105;1,035;1,123;0,254;81,22;103,52;310,67
5,110;1,030;1,123;0,254;81,22;103,03;310,67
5,115;1,030;1,118;0,249;81,07;103,03;310,35
5,120;1,035;1,118;0,254;81,22;103,52;310,35
5,125;1,025;1,118;0,254;81,22;102,54;310,35
5,130;1,035;1,118;0,249;81,07;103,52;310,35
5,135;1,030;1,118;0,254;81,22;103,03;310,35
5,140;1,030;1,118;0,254;81,22;103,03;310,35
5,145;1,030;1,118;0,249;81,07;103,03;310,35
5,150;1,030;1,118;0,254;81,22;103,03;310,35
5,155;1,035;1,118;0,254;81,22;103,52;310,35
5,160;1,035;1,118;0,249;81,07;103,52;310,35
5,165;1,035;1,113;0,254;81,22;103,52;310,03
5,170;1,030;1,113;0,254;81,22;103,03;310,03
5,175;1,025;1,113;0,254;81,22;102,54;310,03
5,180;1,030;1,113;0,249;81,07;103,03;310,03
5,185;1,035;1,113;0,254;81,22;103,52;310,03
5,190;1,030;1,113;0,254;81,22;103,03;310,03
5,195;1,030;1,113;0,249;81,07;103,03;310,03
5,200;1,030;1,113;0,254;81,22;103,03;310,03
5,205;1,030;1,113;0,249;81,07;103,03;310,03
5,210;1,030;1,113;0,254;81,22;103,03;310,03
5,215;1,025;1,113;0,254;81,22;102,54;310,03
5,220;1,030;1,108;0,249;81,07;103,03;309,71
5,225;1,030;1,108;0,254;81,22;103,03;309,71
5,230;1,025;1,108;0,249;81,07;102,54;309,71
5,235;1,035;1,108;0,249;81,07;103,52;309,71
5,240;1,025;1,108;0,254;81,22;102,54;309,71
5,245;1,030;1,108;0,254;81,22;103,03;309,71
5,250;1,030;1,108;0,254;81,22;103,03;309,71
5,255;1,025;1,108;0,254;81,22;102,54;309,71
5,260;1,030;1,108;0,254;81,22;103,03;309,71
5,265;1,025;1,108;0,254;81,22;102,54;309,71
5,270;1,030;1,104;0,254;81,22;103,03;309,39
5,275;1,030;1,104;0,254;81,22;103,03;309,39
5,280;1,025;1,104;0,254;81,22;102,54;309,39
5,285;1,030;1,104;0,249;81,07;103,03;309,39
5,290;1,030;1,104;0,254;81,22;103,03;309,39
5,295;1,030;1,104;0,254;81,22;103,03;309,39
5,300;1,030;1,104;0,254;81,22;103,03;309,39
5,305;1,025;1,104;0,254;81,22;102,54;309,39
5,310;1,030;1,099;0,249;81,07;103,03;309,08
5,315;1,030;1,099;0,254;81,22;103,03;309,08
5,320;1,025;1,099;0,254;81,22;102,54;309,08
5,325;1,025;1,099;0,254;81,22;102,54;309,08
5,330;1,025;1,099;0,254;81,22;102,54;309,08
5,335;1,030;1,094;0,249;81,07;103,03;308,76
5,340;1,025;1,099;0,249;81,07;102,54;309,08
5,345;1,030;1,099;0,254;81,22;103,03;309,08
5,350;1,030;1,099;0,254;81,22;103,03;309,08
5,355;1,025;1,084;0,254;81,22;102,54;308,12
5,360;1,030;1,099;0,249;81,07;103,03;309,08
5,365;1,025;1,099;0,254;81,22;102,54;309,08
5,370;1,025;1,094;0,254;81,22;102,54;308,76
5,375;1,030;1,099;0,254;81,22;103,03;309,08
5,380;1,025;1,094;0,254;81,22;102,54;308,76
5,385;1,025;1,094;0,254;81,22;102,54;308,76
5,390;1,025;1,094;0,254;81,22;102,54;308,76
5,395;1,025;1,094;0,254;81,22;102,54;308,76
5,400;1,030;1,094;0,249;81,07;103,03;308,76
5,405;1,025;1,094;0,249;81,07;102,54;308,76
5,410;1,025;1,094;0,254;81,22;102,54;308,76
5,415;1,030;1,094;0,254;81,22;103,03;308,76
5,420;1,025;1,094;0,249;81,07;102,54;308,76
5,425;1,025;1,094;0,249;81,07;102,54;308,76
5,430;1,025;1,094;0,254;81,22;102,54;308,76
5,435;1,025;1,094;0,254;81,22;102,54;308,76
5,440;1,025;1,094;0,254;81,22;102,54;308,76
5,445;1,021;1,094;0,249;81,07;102,05;308,76
5,450;1,025;1,094;0,249;81,07;102,54;308,76
5,455;1,025;1,094;0,254;81,22;102,54;308,76
5,460;1,025;1,094;0,254;81,22;102,54;308,76
5,465;1,025;1,084;0,249;81,07;102,54;308,12
5,470;1,021;1,084;0,254;81,22;102,05;308,12
5,475;1,025;1,089;0,249;81,07;102,54;308,44
5,480;1,025;1,084;0,254;81,22;102,54;308,12
5,485;1,025;1,094;0,254;81,22;102,54;308,76
5,490;1,025;1,084;0,254;81,22;102,54;308,12
5,495;1,021;1,084;0,254;81,22;102,05;308,12
5,500;1,030;1,074;0,254;81,22;103,03;307,49
5,505;1,025;1,084;0,254;81,22;102,54;308,12
5,510;1,025;1,079;0,249;81,07;102,54;307,80
5,515;1,025;1,079;0,249;81,07;102,54;307,80
5,520;1,025;1,079;0,254;81,22;102,54;307,80
5,525;1,025;1,079;0,259;81,37;102,54;307,80
5,530;1,025;1,079;0,264;81,53;102,54;307,80
5,535;1,021;1,079;0,254;81,22;102,05;307,80
5,540;1,025;1,074;0,249;81,07;102,54;307,49
5,545;1,035;1,079;0,259;81,37;103,52;307,80
5,550;1,025;1,074;0,254;81,22;102,54;307,49
5,555;1,025;1,079;0,264;81,53;102,54;307,80
5,560;1,021;1,074;0,254;81,22;102,05;307,49
5,565;1,025;1,074;0,249;81,07;102,54;307,49
5,570;1,025;1,074;0,254;81,22;102,54;307,49
5,575;1,025;1,074;0,254;81,22;102,54;307,49
5,580;1,025;1,069;0,254;81,22;102,54;307,17
5,585;1,021;1,074;0,254;81,22;102,05;307,49
5,590;1,025;1,074;0,254;81,22;102,54;307,49
5,595;1,025;1,069;0,254;81,22;102,54;307,17
5,600;1,025;1,069;0,254;81,22;102,54;307,17
5,605;1,025;1,069;0,234;80,61;102,54;307,17
5,610;1,021;1,069;0,254;81,22;102,05;307,17
5,615;1,025;1,069;0,249;81,07;102,54;307,17
5,620;1,025;1,069;0,254;81,22;102,54;307,17
5,625;1,021;1,064;0,254;81,22;102,05;306,85
5,630;1,025;1,069;0,254;81,22;102,54;307,17
5,635;1,021;1,069;0,254;81,22;102,05;307,17
5,640;1,025;1,064;0,254;81,22;102,54;306,85
5,645;1,025;1,069;0,249;81,07;102,54;307,17
5,650;1,021;1,064;0,254;81,22;102,05;306,85
5,655;1,025;1,064;0,249;81,07;102,54;306,85
5,660;1,025;1,060;0,249;81,07;102,54;306,53
5,665;1,021;1,064;0,254;81,22;102,05;306,85
5,670;1,025;1,060;0,254;81,22;102,54;306,53
5,675;1,021;1,060;0,254;81,22;102,05;306,53
5,680;1,021;1,060;0,254;81,22;102,05;306,53
5,685;1,021;1,060;0,254;81,22;102,05;306,53
5,690;1,021;1,060;0,254;81,22;102,05;306,53
5,695;1,021;1,060;0,249;81,07;102,05;306,53
5,700;1,021;1,060;0,254;81,22;102,05;306,53
5,705;1,021;1,060;0,254;81,22;102,05;306,53
5,710;1,021;1,060;0,254;81,22;102,05;306,53
5,715;1,021;1,055;0,254;81,22;102,05;306,21
5,720;1,025;1,055;0,249;81,07;102,54;306,21
5,725;1,025;1,060;0,254;81,22;102,54;306,53
5,730;1,021;1,055;0,254;81,22;102,05;306,21
5,735;1,025;1,055;0,249;81,07;102,54;306,21
5,740;1,021;1,055;0,254;81,22;102,05;306,21
5,745;1,021;1,055;0,249;81,07;102,05;306,21
5,750;1,021;1,055;0,254;81,22;102,05;306,21
5,755;1,021;1,055;0,254;81,22;102,05;306,21
5,760;1,021;1,055;0,249;81,07;102,05;306,21
5,765;1,021;1,055;0,249;81,07;102,05;306,21
5,770;1,021;1,055;0,254;81,22;102,05;306,21
5,775;1,021;1,055;0,249;81,07;102,05;306,21
5,780;1,021;1,055;0,254;81,22;102,05;306,21
5,785;1,021;1,050;0,254;81,22;102,05;305,89
5,790;1,021;1,055;0,254;81,22;102,05;306,21
5,795;1,016;1,050;0,254;81,22;101,56;305,89
5,800;1,021;1,045;0,254;81,22;102,05;305,58
5,805;1,021;1,050;0,254;81,22;102,05;305,89
5,810;1,025;1,045;0,249;81,07;102,54;305,58
5,815;1,021;1,045;0,249;81,07;102,05;305,58
5,820;1,016;1,045;0,249;81,07;101,56;305,58
5,825;1,011;1,045;0,254;81,22;101,07;305,58
5,830;1,021;1,045;0,249;81,07;102,05;305,58
5,835;1,021;1,045;0,254;81,22;102,05;305,58
5,840;1,021;1,045;0,249;81,07;102,05;305,58
5,845;1,016;1,045;0,254;81,22;101,56;305,58
5,850;1,021;1,040;0,249;81,07;102,05;305,26
5,855;1,021;1,045;0,254;81,22;102,05;305,58
5,860;1,021;1,040;0,254;81,22;102,05;305,26
5,865;1,021;1,040;0,249;81,07;102,05;305,26
5,870;1,016;1,045;0,254;81,22;101,56;305,58
5,875;1,025;1,040;0,254;81,22;102,54;305,26
5,880;1,021;1,040;0,254;81,22;102,05;305,26
5,885;1,021;1,040;0,254;81,22;102,05;305,26
5,890;1,021;1,040;0,249;81,07;102,05;305,26
5,895;1,021;1,040;0,254;81,22;102,05;305,26
5,900;1,021;1,035;0,254;81,22;102,05;304,94
5,905;1,021;1,040;0,254;81,22;102,05;305,26
5,910;1,021;1,040;0,254;81,22;102,05;305,26
5,915;1,021;1,035;0,254;81,22;102,05;304,94
5,920;1,021;1,040;0,254;81,22;102,05;305,26
5,925;1,021;1,040;0,254;81,22;102,05;305,26
5,930;1,021;1,035;0,249;81,07;102,05;304,94
5,935;1,016;1,035;0,254;81,22;101,56;304,94
5,940;1,021;1,035;0,249;81,07;102,05;304,94
5,945;1,021;1,040;0,254;81,22;102,05;305,26
5,950;1,021;1,035;0,249;81,07;102,05;304,94
5,955;1,021;1,035;0,254;81,22;102,05;304,94
5,960;1,016;1,030;0,254;81,22;101,56;304,62
5,965;1,021;1,035;0,254;81,22;102,05;304,94
5,970;1,021;1,035;0,254;81,22;102,05;304,94
5,975;1,016;1,035;0,249;81,07;101,56;304,94
5,980;1,016;1,030;0,249;81,07;101,56;304,62
5,985;1,021;1,035;0,254;81,22;102,05;304,94
5,990;1,021;1,030;0,249;81,07;102,05;304,62
5,995;1,021;1,030;0,264;81,53;102,05;304,62
6,000;1,016;1,030;0,254;81,22;101,56;304,62
6,005;1,021;1,030;0,249;81,07;102,05;304,62
6,010;1,021;1,030;0,254;81,22;102,05;304,62
6,015;1,021;1,030;0,254;81,22;102,05;304,62
6,020;1,016;1,030;0,249;81,07;101,56;304,62
6,025;1,016;1,030;0,254;81,22;101,56;304,62
6,030;1,021;1,030;0,254;81,22;102,05;304,62
6,035;1,016;1,030;0,249;81,07;101,56;304,62
6,040;1,016;1,025;0,254;81,22;101,56;304,30
6,045;1,021;1,030;0,254;81,22;102,05;304,62
6,050;1,021;1,025;0,254;81,22;102,05;304,30
6,055;1,016;1,025;0,249;81,07;101,56;304,30
6,060;1,021;1,025;0,254;81,22;102,05;304,30
6,065;1,016;1,025;0,254;81,22;101,56;304,30
6,070;1,021;1,025;0,249;81,07;102,05;304,30
6,075;1,021;1,021;0,254;81,22;102,05;303,99
6,080;1,021;1,025;0,249;81,07;102,05;304,30
6,085;1,021;1,016;0,249;81,07;102,05;303,67
6,090;1,016;1,025;0,254;81,22;101,56;304,30
6,095;1,016;1,025;0,254;81,22;101,56;304,30
6,100;1,016;1,025;0,254;81,22;101,56;304,30
6,105;1,016;1,021;0,254;81,22;101,56;303,99
6,110;1,021;1,021;0,254;81,22;102,05;303,99
6,115;1,016;1,025;0,254;81,22;101,56;304,30
6,120;1,021;1,021;0,249;81,07;102,05;303,99
6,125;1,021;1,025;0,259;81,37;102,05;304,30
6,130;1,016;1,021;0,254;81,22;101,56;303,99
6,135;1,021;1,021;0,244;80,92;102,05;303,99
6,140;1,016;1,021;0,264;81,53;101,56;303,99
6,145;1,021;1,021;0,234;80,61;102,05;303,99
6,150;1,021;1,021;0,234;80,61;102,05;303,99
6,155;1,016;1,021;0,244;80,92;101,56;303,99
6,160;1,016;1,021;0,254;81,22;101,56;303,99
6,165;1,016;1,021;0,259;81,37;101,56;303,99
6,170;1,021;1,016;0,254;81,22;102,05;303,67
6,175;1,016;1,021;0,254;81,22;101,56;303,99
6,180;1,016;1,021;0,254;81,22;101,56;303,99
6,185;1,021;1,021;0,244;80,92;102,05;303,99
6,190;1,016;1,016;0,254;81,22;101,56;303,67
6,195;1,021;1,016;0,249;81,07;102,05;303,67
6,200;1,016;1,016;0,254;81,22;101,56;303,67
6,205;1,016;1,016;0,249;81,07;101,56;303,67
6,210;1,016;1,021;0,249;81,07;101,56;303,99
6,215;1,016;1,016;0,254;81,22;101,56;303,67
6,220;1,016;1,016;0,254;81,22;101,56;303,67
6,225;1,016;1,016;0,249;81,07;101,56;303,67
6,230;1,016;1,016;0,254;81,22;101,56;303,67
6,235;1,016;1,016;0,254;81,22;101,56;303,67
6,240;1,016;1,016;0,254;81,22;101,56;303,67
6,245;1,016;1,016;0,249;81,07;101,56;303,67
6,250;1,016;1,016;0,254;81,22;101,56;303,67
6,255;1,016;1,016;0,254;81,22;101,56;303,67
6,260;1,021;1,016;0,249;81,07;102,05;303,67
6,265;1,016;1,021;0,254;81,22;101,56;303,99
6,270;1,016;1,011;0,249;81,07;101,56;303,35
6,275;1,016;1,016;0,254;81,22;101,56;303,67
6,280;1,016;1,016;0,254;81,22;101,56;303,67
6,285;1,021;1,016;0,249;81,07;102,05;303,67
6,290;1,016;1,016;0,254;81,22;101,56;303,67
6,295;1,025;1,016;0,254;81,22;102,54;303,67
6,300;1,016;1,016;0,254;81,22;101,56;303,67
6,305;1,016;1,011;0,254;81,22;101,56;303,35
6,310;1,016;1,011;0,249;81,07;101,56;303,35
6,315;1,016;1,011;0,254;81,22;101,56;303,35
6,320;1,016;1,011;0,254;81,22;101,56;303,35
6,325;1,016;1,011;0,254;81,22;101,56;303,35
6,330;1,016;1,011;0,254;81,22;101,56;303,35
6,335;1,016;1,006;0,249;81,07;101,56;303,03
6,340;1,016;1,006;0,254;81,22;101,56;303,03
6,345;1,016;1,011;0,254;81,22;101,56;303,35
6,350;1,016;1,011;0,249;81,07;101,56;303,35
6,355;1,016;1,006;0,254;81,22;101,56;303,03
6,360;1,016;1,006;0,254;81,22;101,56;303,03
6,365;1,016;1,006;0,254;81,22;101,56;303,03
6,370;1,016;1,006;0,254;81,22;101,56;303,03
6,375;1,016;1,006;0,249;81,07;101,56;303,03
6,380;1,016;1,006;0,254;81,22;101,56;303,03
6,385;1,016;1,006;0,254;81,22;101,56;303,03
6,390;1,016;1,006;0,249;81,07;101,56;303,03
6,395;1,016;1,006;0,254;81,22;101,56;303,03
6,400;1,016;1,006;0,249;81,07;101,56;303,03
6,405;1,016;1,006;0,254;81,22;101,56;303,03
6,410;1,016;1,006;0,254;81,22;101,56;303,03
6,415;1,016;1,006;0,249;81,07;101,56;303,03
6,420;1,016;1,001;0,254;81,22;101,56;302,71
6,425;1,016;1,001;0,249;81,07;101,56;302,71
6,430;1,016;1,006;0,254;81,22;101,56;303,03
6,435;1,016;1,006;0,254;81,22;101,56;303,03
6,440;1,016;1,006;0,249;81,07;101,56;303,03
6,445;1,016;1,001;0,254;81,22;101,56;302,71
6,450;1,016;1,001;0,249;81,07;101,56;302,71
6,455;1,016;1,001;0,249;81,07;101,56;302,71
6,460;1,016;1,001;0,254;81,22;101,56;302,71
6,465;1,016;1,001;0,264;81,53;101,56;302,71
6,470;1,016;1,001;0,254;81,22;101,56;302,71
6,475;1,016;1,001;0,249;81,07;101,56;302,71
6,480;1,016;1,001;0,249;81,07;101,56;302,71
6,485;1,016;1,001;0,254;81,22;101,56;302,71
6,490;1,016;1,001;0,254;81,22;101,56;302,71
6,495;1,016;1,001;0,249;81,07;101,56;302,71
6,500;1,016;1,001;0,254;81,22;101,56;302,71
6,505;1,016;1,001;0,254;81,22;101,56;302,71
6,510;1,016;1,001;0,254;81,22;101,56;302,71
6,515;1,016;1,001;0,249;81,07;101,56;302,71
6,520;1,016;1,001;0,249;81,07;101,56;302,71
6,525;1,016;1,001;0,249;81,07;101,56;302,71
6,530;1,016;1,001;0,249;81,07;101,56;302,71
6,535;1,016;1,001;0,254;81,22;101,56;302,71
6,540;1,016;0,996;0,254;81,22;101,56;302,40
6,545;1,016;1,001;0,249;81,07;101,56;302,71
6,550;1,016;1,001;0,254;81,22;101,56;302,71
6,555;1,016;0,996;0,254;81,22;101,56;302,40
6,560;1,016;1,001;0,254;81,22;101,56;302,71
6,565;1,016;0,996;0,254;81,22;101,56;302,40
6,570;1,016;0,996;0,254;81,22;101,56;302,40
6,575;1,016;0,996;0,234;80,61;101,56;302,40
6,580;1,016;0,996;0,254;81,22;101,56;302,40
6,585;1,016;0,996;0,249;81,07;101,56;302,40
6,590;1,016;0,996;0,254;81,22;101,56;302,40
6,595;1,016;0,996;0,254;81,22;101,56;302,40
6,600;1,016;0,996;0,254;81,22;101,56;302,40
6,605;1,016;0,996;0,254;81,22;101,56;302,40
6,610;1,016;0,996;0,249;81,07;101,56;302,40
6,615;1,016;0,996;0,254;81,22;101,56;302,40
6,620;1,016;0,996;0,254;81,22;101,56;302,40
6,625;1,016;0,996;0,249;81,07;101,56;302,40
6,630;1,021;0,996;0,254;81,22;102,05;302,40
6,635;1,016;0,996;0,254;81,22;101,56;302,40
6,640;1,016;0,996;0,254;81,22;101,56;302,40
6,645;1,016;0,991;0,244;80,92;101,56;302,08
6,650;1,016;0,996;0,254;81,22;101,56;302,40
6,655;1,025;0,996;0,254;81,22;102,54;302,40
6,660;1,016;0,996;0,249;81,07;101,56;302,40
6,665;1,016;0,996;0,249;81,07;101,56;302,40
6,670;1,016;0,991;0,249;81,07;101,56;302,08
6,675;1,016;0,991;0,254;81,22;101,56;302,08
6,680;1,016;0,996;0,254;81,22;101,56;302,40
6,685;1,016;0,996;0,254;81,22;101,56;302,40
6,690;1,016;0,996;0,254;81,22;101,56;302,40
6,695;1,016;1,006;0,249;81,07;101,56;303,03
6,700;1,016;0,991;0,254;81,22;101,56;302,08
6,705;1,016;0,991;0,249;81,07;101,56;302,08
6,710;1,016;0,986;0,254;81,22;101,56;301,76
6,715;1,016;0,991;0,254;81,22;101,56;302,08
6,720;1,016;0,991;0,254;81,22;101,56;302,08
6,725;1,016;0,991;0,254;81,22;101,56;302,08
6,730;1,016;1,001;0,254;81,22;101,56;302,71
6,735;1,016;0,991;0,249;81,07;101,56;302,08
6,740;1,016;0,996;0,254;81,22;101,56;302,40
6,745;1,016;0,991;0,234;80,61;101,56;302,08
6,750;1,016;0,991;0,254;81,22;101,56;302,08
6,755;1,016;0,991;0,249;81,07;101,56;302,08
6,760;1,016;0,991;0,234;80,61;101,56;302,08
6,765;1,016;0,991;0,254;81,22;101,56;302,08
6,770;1,016;0,991;0,254;81,22;101,56;302,08
6,775;1,016;0,996;0,249;81,07;101,56;302,40
6,780;1,016;0,991;0,254;81,22;101,56;302,08
6,785;1,016;0,991;0,254;81,22;101,56;302,08
6,790;1,016;0,986;0,254;81,22;101,56;301,76
6,795;1,016;0,991;0,254;81,22;101,56;302,08
6,800;1,016;0,991;0,254;81,22;101,56;302,08
6,805;1,016;0,991;0,249;81,07;101,56;302,08
6,810;1,016;0,986;0,249;81,07;101,56;301,76
6,815;1,016;0,986;0,254;81,22;101,56;301,76
6,820;1,016;0,986;0,254;81,22;101,56;301,76
6,825;1,016;0,986;0,249;81,07;101,56;301,76
6,830;1,016;0,991;0,249;81,07;101,56;302,08
6,835;1,016;0,991;0,254;81,22;101,56;302,08
6,840;1,016;0,991;0,254;81,22;101,56;302,08
6,845;1,016;0,986;0,254;81,22;101,56;301,76
6,850;1,016;0,986;0,249;81,07;101,56;301,76
6,855;1,016;0,991;0,254;81,22;101,56;302,08
6,860;1,016;0,986;0,249;81,07;101,56;301,76
6,865;1,016;0,986;0,249;81,07;101,56;301,76
6,870;1,016;0,986;0,254;81,22;101,56;301,76
6,875;1,016;0,986;0,254;81,22;101,56;301,76
6,880;1,016;0,991;0,254;81,22;101,56;302,08
6,885;1,016;0,986;0,273;81,83;101,56;301,76
6,890;1,016;0,986;0,249;81,07;101,56;301,76
6,895;1,016;0,986;0,254;81,22;101,56;301,76
6,900;1,016;0,986;0,254;81,22;101,56;301,76
6,905;1,016;0,986;0,249;81,07;101,56;301,76
6,910;1,016;0,991;0,254;81,22;101,56;302,08
6,915;1,016;0,986;0,249;81,07;101,56;301,76
6,920;1,016;0,986;0,254;81,22;101,56;301,76
6,925;1,016;0,991;0,249;81,07;101,56;302,08
6,930;1,016;0,986;0,254;81,22;101,56;301,76
6,935;1,016;0,986;0,254;81,22;101,56;301,76
6,940;1,016;0,986;0,254;81,22;101,56;301,76
6,945;1,016;0,986;0,249;81,07;101,56;301,76
6,950;1,016;0,986;0,254;81,22;101,56;301,76
6,955;1,016;0,986;0,239;80,76;101,56;301,76
6,960;1,016;0,986;0,254;81,22;101,56;301,76
6,965;1,011;0,986;0,254;81,22;101,07;301,76
6,970;1,016;0,986;0,254;81,22;101,56;301,76
6,975;1,016;0,986;0,254;81,22;101,56;301,76
6,980;1,016;0,981;0,249;81,07;101,56;301,44
6,985;1,016;0,986;0,249;81,07;101,56;301,76
6,990;1,016;0,986;0,254;81,22;101,56;301,76
6,995;1,016;0,986;0,254;81,22;101,56;301,76
7,000;1,016;0,986;0,249;81,07;101,56;301,76
7,005;1,016;0,981;0,249;81,07;101,56;301,44
7,010;1,016;0,981;0,254;81,22;101,56;301,44
7,015;1,016;0,986;0,254;81,22;101,56;301,76
7,020;1,016;0,981;0,249;81,07;101,56;301,44
7,025;1,011;0,986;0,254;81,22;101,07;301,76
7,030;1,016;0,981;0,254;81,22;101,56;301,44
7,035;1,016;0,986;0,249;81,07;101,56;301,76
7,040;1,011;0,981;0,254;81,22;101,07;301,44
7,045;1,016;0,981;0,254;81,22;101,56;301,44
7,050;1,016;0,981;0,254;81,22;101,56;301,44
7,055;1,016;0,981;0,254;81,22;101,56;301,44
7,060;1,016;0,981;0,249;81,07;101,56;301,44
7,065;1,001;0,986;0,254;81,22;100,10;301,76
7,070;1,016;0,981;0,249;81,07;101,56;301,44
7,075;1,016;0,981;0,254;81,22;101,56;301,44
7,080;1,011;0,981;0,254;81,22;101,07;301,44
7,085;1,016;0,981;0,249;81,07;101,56;301,44
7,090;1,016;0,981;0,254;81,22;101,56;301,44
7,095;1,016;0,981;0,254;81,22;101,56;301,44
7,100;1,016;0,981;0,254;81,22;101,56;301,44
7,105;1,011;0,981;0,254;81,22;101,07;301,44
7,110;1,016;0,981;0,249;81,07;101,56;301,44
7,115;1,016;0,986;0,249;81,07;101,56;301,76
7,120;1,016;0,981;0,254;81,22;101,56;301,44
7,125;1,016;0,981;0,254;81,22;101,56;301,44
7,130;1,011;0,981;0,254;81,22;101,07;301,44
7,135;1,016;0,981;0,249;81,07;101,56;301,44
7,140;1,016;0,981;0,254;81,22;101,56;301,44
7,145;1,016;0,981;0,254;81,22;101,56;301,44
7,150;1,016;0,981;0,254;81,22;101,56;301,44
7,155;1,016;0,981;0,249;81,07;101,56;301,44
7,160;1,016;0,981;0,249;81,07;101,56;301,44
7,165;1,016;0,981;0,254;81,22;101,56;301,44
7,170;1,016;0,981;0,254;81,22;101,56;301,44
7,175;1,016;0,981;0,249;81,07;101,56;301,44
7,180;1,011;0,981;0,254;81,22;101,07;301,44
7,185;1,016;0,981;0,254;81,22;101,56;301,44
7,190;1,016;0,981;0,254;81,22;101,56;301,44
7,195;1,016;0,981;0,249;81,07;101,56;301,44
7,200;1,016;0,981;0,249;81,07;101,56;301,44
7,205;1,016;0,981;0,254;81,22;101,56;301,44
7,210;1,016;0,981;0,254;81,22;101,56;301,44
7,215;1,016;0,981;0,254;81,22;101,56;301,44
7,220;1,016;0,981;0,254;81,22;101,56;301,44
7,225;1,016;0,981;0,254;81,22;101,56;301,44
7,230;1,006;0,981;0,254;81,22;100,59;301,44
7,235;1,016;0,977;0,254;81,22;101,56;301,12
7,240;1,006;0,981;0,254;81,22;100,59;301,44
7,245;1,006;0,981;0,254;81,22;100,59;301,44
7,250;1,016;0,977;0,249;81,07;101,56;301,12
7,255;1,011;0,981;0,249;81,07;101,07;301,44
7,260;1,016;0,981;0,254;81,22;101,56;301,44
7,265;1,006;0,981;0,249;81,07;100,59;301,44
7,270;1,011;0,981;0,254;81,22;101,07;301,44
7,275;1,016;0,981;0,249;81,07;101,56;301,44
7,280;1,016;0,981;0,254;81,22;101,56;301,44
7,285;1,011;0,981;0,254;81,22;101,07;301,44
7,290;1,016;0,977;0,249;81,07;101,56;301,12
7,295;1,011;0,986;0,254;81,22;101,07;301,76
7,300;1,016;0,977;0,249;81,07;101,56;301,12
7,305;1,016;0,977;0,254;81,22;101,56;301,12
7,310;1,006;0,981;0,254;81,22;100,59;301,44
7,315;1,016;0,977;0,249;81,07;101,56;301,12
7,320;1,016;0,967;0,254;81,22;101,56;300,49
7,325;1,016;0,977;0,249;81,07;101,56;301,12
7,330;1,016;0,977;0,249;81,07;101,56;301,12
7,335;1,006;0,977;0,249;81,07;100,59;301,12
7,340;1,016;0,981;0,249;81,07;101,56;301,44
7,345;1,016;0,981;0,264;81,53;101,56;301,44
7,350;1,016;0,977;0,249;81,07;101,56;301,12
7,355;1,016;0,977;0,244;80,92;101,56;301,12
7,360;1,006;0,981;0,249;81,07;100,59;301,44
7,365;1,016;0,977;0,254;81,22;101,56;301,12
7,370;1,016;0,977;0,254;81,22;101,56;301,12
7,375;1,016;0,977;0,254;81,22;101,56;301,12
7,380;1,016;0,977;0,249;81,07;101,56;301,12
7,385;1,011;0,977;0,254;81,22;101,07;301,12
7,390;1,016;0,977;0,254;81,22;101,56;301,12
7,395;1,016;0,977;0,254;81,22;101,56;301,12
7,400;1,011;0,977;0,249;81,07;101,07;301,12
7,405;1,016;0,972;0,254;81,22;101,56;300,80
7,410;1,016;0,977;0,249;81,07;101,56;301,12
7,415;1,016;0,981;0,249;81,07;101,56;301,44
7,420;1,016;0,977;0,249;81,07;101,56;301,12
7,425;1,006;0,977;0,254;81,22;100,59;301,12
7,430;1,016;0,977;0,254;81,22;101,56;301,12
7,435;1,011;0,977;0,254;81,22;101,07;301,12
7,440;1,016;0,977;0,249;81,07;101,56;301,12
7,445;1,016;0,977;0,254;81,22;101,56;301,12
7,450;1,011;0,977;0,254;81,22;101,07;301,12
7,455;1,016;0,977;0,249;81,07;101,56;301,12
7,460;1,016;0,977;0,254;81,22;101,56;301,12
7,465;1,016;0,977;0,254;81,22;101,56;301,12
7,470;1,016;0,977;0,249;81,07;101,56;301,12
7,475;1,006;0,977;0,254;81,22;100,59;301,12
7,480;1,016;0,977;0,249;81,07;101,56;301,12
7,485;1,011;0,977;0,264;81,53;101,07;301,12
7,490;1,016;0,977;0,249;81,07;101,56;301,12
7,495;1,016;0,977;0,254;81,22;101,56;301,12
7,500;1,006;0,977;0,249;81,07;100,59;301,12
7,505;1,016;0,977;0,259;81,37;101,56;301,12
7,510;1,016;0,977;0,254;81,22;101,56;301,12
7,515;1,016;0,977;0,254;81,22;101,56;301,12
7,520;1,016;0,977;0,249;81,07;101,56;301,12
7,525;1,006;0,981;0,254;81,22;100,59;301,44
7,530;1,016;0,977;0,254;81,22;101,56;301,12
7,535;1,016;0,977;0,254;81,22;101,56;301,12
7,540;1,006;0,977;0,254;81,22;100,59;301,12
7,545;1,016;0,977;0,254;81,22;101,56;301,12
7,550;1,011;0,977;0,254;81,22;101,07;301,12
7,555;1,016;0,977;0,254;81,22;101,56;301,12
7,560;1,016;0,977;0,254;81,22;101,56;301,12
7,565;1,011;0,977;0,254;81,22;101,07;301,12
7,570;1,016;0,977;0,249;81,07;101,56;301,12
7,575;1,016;0,977;0,254;81,22;101,56;301,12
7,580;1,016;0,977;0,249;81,07;101,56;301,12
7,585;1,011;0,977;0,249;81,07;101,07;301,12
7,590;1,011;0,977;0,254;81,22;101,07;301,12
7,595;1,016;0,977;0,254;81,22;101,56;301,12
7,600;1,016;0,977;0,254;81,22;101,56;301,12
7,605;1,006;0,977;0,254;81,22;100,59;301,12
7,610;1,016;0,977;0,249;81,07;101,56;301,12
7,615;1,011;0,977;0,254;81,22;101,07;301,12
7,620;1,011;0,972;0,254;81,22;101,07;300,80
7,625;1,016;0,977;0,254;81,22;101,56;301,12
7,630;1,006;0,977;0,254;81,22;100,59;301,12
7,635;1,016;0,972;0,249;81,07;101,56;300,80
7,640;1,016;0,977;0,254;81,22;101,56;301,12
7,645;1,016;0,977;0,254;81,22;101,56;301,12
7,650;1,011;0,977;0,254;81,22;101,07;301,12
7,655;1,006;0,977;0,254;81,22;100,59;301,12
7,660;1,016;0,977;0,249;81,07;101,56;301,12
7,665;1,006;0,977;0,254;81,22;100,59;301,12
7,670;1,016;0,977;0,254;81,22;101,56;301,12
7,675;1,016;0,977;0,249;81,07;101,56;301,12
7,680;1,006;0,977;0,254;81,22;100,59;301,12
7,685;1,016;0,977;0,254;81,22;101,56;301,12
7,690;1,011;0,977;0,254;81,22;101,07;301,12
7,695;1,016;0,972;0,254;81,22;101,56;300,80
7,700;1,016;0,977;0,254;81,22;101,56;301,12
7,705;1,006;0,977;0,249;81,07;100,59;301,12
7,710;1,016;0,977;0,249;81,07;101,56;301,12
7,715;1,016;0,977;0,254;81,22;101,56;301,12
7,720;1,016;0,972;0,249;81,07;101,56;300,80
7,725;1,016;0,977;0,249;81,07;101,56;301,12
7,730;1,006;0,972;0,254;81,22;100,59;300,80
7,735;1,016;0,972;0,249;81,07;101,56;300,80
7,740;1,006;0,972;0,254;81,22;100,59;300,80
7,745;1,016;0,972;0,254;81,22;101,56;300,80
7,750;1,016;0,972;0,249;81,07;101,56;300,80
7,755;1,006;0,977;0,249;81,07;100,59;301,12
7,760;1,011;0,972;0,249;81,07;101,07;300,80
7,765;1,016;0,977;0,254;81,22;101,56;301,12
7,770;1,016;0,972;0,254;81,22;101,56;300,80
7,775;1,016;0,972;0,249;81,07;101,56;300,80
7,780;1,006;0,977;0,254;81,22;100,59;301,12
7,785;1,016;0,972;0,254;81,22;101,56;300,80
7,790;1,016;0,972;0,254;81,22;101,56;300,80
7,795;1,006;0,972;0,249;81,07;100,59;300,80
7,800;1,016;0,977;0,249;81,07;101,56;301,12
7,805;1,006;0,972;0,254;81,22;100,59;300,80
7,810;1,016;0,972;0,249;81,07;101,56;300,80
7,815;1,011;0,972;0,254;81,22;101,07;300,80
7,820;1,011;0,972;0,254;81,22;101,07;300,80
7,825;1,016;0,972;0,254;81,22;101,56;300,80
7,830;1,016;0,972;0,254;81,22;101,56;300,80
7,835;1,011;0,972;0,239;80,76;101,07;300,80
7,840;1,011;0,977;0,254;81,22;101,07;301,12
7,845;1,016;0,972;0,249;81,07;101,56;300,80
7,850;1,016;0,972;0,254;81,22;101,56;300,80
7,855;1,016;0,972;0,254;81,22;101,56;300,80
7,860;1,016;0,972;0,249;81,07;101,56;300,80
7,865;1,006;0,972;0,254;81,22;100,59;300,80
7,870;1,016;0,967;0,254;81,22;101,56;300,49
7,875;0,991;0,977;0,249;81,07;99,12;301,12
7,880;1,006;0,972;0,249;81,07;100,59;300,80
7,885;1,006;0,972;0,249;81,07;100,59;300,80
7,890;1,011;0,972;0,254;81,22;101,07;300,80
7,895;1,006;0,972;0,249;81,07;100,59;300,80
7,900;1,016;0,977;0,254;81,22;101,56;301,12
7,905;1,006;0,967;0,249;81,07;100,59;300,49
7,910;1,011;0,972;0,249;81,07;101,07;300,80
7,915;1,016;0,986;0,254;81,22;101,56;301,76
7,920;1,016;0,967;0,254;81,22;101,56;300,49
7,925;1,016;0,972;0,249;81,07;101,56;300,80
7,930;1,006;0,972;0,254;81,22;100,59;300,80
7,935;1,016;0,972;0,254;81,22;101,56;300,80
7,940;1,006;0,972;0,249;81,07;100,59;300,80
7,945;1,011;0,972;0,259;81,37;101,07;300,80
7,950;1,016;0,972;0,249;81,07;101,56;300,80
7,955;1,006;0,972;0,273;81,83;100,59;300,80
7,960;1,011;0,967;0,254;81,22;101,07;300,49
7,965;1,016;0,972;0,249;81,07;101,56;300,80
7,970;1,006;0,972;0,254;81,22;100,59;300,80
7,975;1,011;0,972;0,249;81,07;101,07;300,80
7,980;1,016;0,972;0,254;81,22;101,56;300,80
7,985;1,016;0,967;0,254;81,22;101,56;300,49
7,990;1,011;0,972;0,239;80,76;101,07;300,80
7,995;1,006;0,967;0,249;81,07;100,59;300,49
8,000;1,011;0,972;0,249;81,07;101,07;300,80
8,005;1,006;0,972;0,254;81,22;100,59;300,80
8,010;1,011;0,972;0,254;81,22;101,07;300,80
8,015;1,016;0,967;0,254;81,22;101,56;300,49
8,020;1,006;0,972;0,254;81,22;100,59;300,80
8,025;1,016;0,972;0,254;81,22;101,56;300,80
8,030;1,016;0,972;0,254;81,22;101,56;300,80
8,035;1,006;0,972;0,254;81,22;100,59;300,80
8,040;1,011;0,967;0,249;81,07;101,07;300,49
8,045;1,006;0,967;0,254;81,22;100,59;300,49
8,050;1,011;0,967;0,254;81,22;101,07;300,49
8,055;1,011;0,967;0,254;81,22;101,07;300,49
8,060;1,006;0,972;0,254;81,22;100,59;300,80
8,065;1,016;0,967;0,254;81,22;101,56;300,49
8,070;1,011;0,967;0,249;81,07;101,07;300,49
8,075;1,011;0,967;0,249;81,07;101,07;300,49
8,080;1,011;0,972;0,254;81,22;101,07;300,80
8,085;1,016;0,967;0,254;81,22;101,56;300,49
8,090;1,016;0,967;0,249;81,07;101,56;300,49
8,095;1,006;0,967;0,254;81,22;100,59;300,49
8,100;1,006;0,967;0,249;81,07;100,59;300,49
8,105;1,011;0,967;0,254;81,22;101,07;300,49
8,110;1,006;0,967;0,254;81,22;100,59;300,49
8,115;1,016;0,967;0,249;81,07;101,56;300,49
8,120;1,006;0,967;0,254;81,22;100,59;300,49
8,125;1,011;0,967;0,249;81,07;101,07;300,49
8,130;1,006;0,967;0,249;81,07;100,59;300,49
8,135;1,006;0,967;0,249;81,07;100,59;300,49
8,140;1,011;0,967;0,249;81,07;101,07;300,49
8,145;1,006;0,967;0,254;81,22;100,59;300,49
8,150;1,016;0,967;0,249;81,07;101,56;300,49
8,155;1,016;0,967;0,254;81,22;101,56;300,49
8,160;1,006;0,967;0,254;81,22;100,59;300,49
8,165;1,011;0,967;0,249;81,07;101,07;300,49
8,170;1,006;0,967;0,254;81,22;100,59;300,49
8,175;1,016;0,972;0,249;81,07;101,56;300,80
8,180;1,006;0,967;0,254;81,22;100,59;300,49
8,185;1,006;0,967;0,249;81,07;100,59;300,49
8,190;1,011;0,967;0,249;81,07;101,07;300,49
8,195;1,006;0,967;0,254;81,22;100,59;300,49
8,200;1,011;0,967;0,254;81,22;101,07;300,49
8,205;1,011;0,972;0,249;81,07;101,07;300,80
8,210;1,006;0,967;0,254;81,22;100,59;300,49
8,215;1,011;0,967;0,249;81,07;101,07;300,49
8,220;1,006;0,967;0,254;81,22;100,59;300,49
8,225;1,016;0,967;0,249;81,07;101,56;300,49
8,230;1,011;0,967;0,249;81,07;101,07;300,49
8,235;1,006;0,967;0,249;81,07;100,59;300,49
8,240;1,011;0,967;0,249;81,07;101,07;300,49
8,245;1,016;0,967;0,254;81,22;101,56;300,49
8,250;1,011;0,967;0,249;81,07;101,07;300,49
8,255;1,011;0,967;0,254;81,22;101,07;300,49
8,260;1,006;0,967;0,254;81,22;100,59;300,49
8,265;1,016;0,962;0,249;81,07;101,56;300,17
8,270;1,011;0,967;0,254;81,22;101,07;300,49
8,275;1,016;0,967;0,254;81,22;101,56;300,49
8,280;1,011;0,967;0,249;81,07;101,07;300,49
8,285;1,006;0,967;0,254;81,22;100,59;300,49
8,290;1,011;0,967;0,254;81,22;101,07;300,49
8,295;1,011;0,967;0,254;81,22;101,07;300,49
8,300;1,011;0,967;0,254;81,22;101,07;300,49
8,305;1,011;0,962;0,249;81,07;101,07;300,17
8,310;1,006;0,967;0,254;81,22;100,59;300,49
8,315;1,011;0,967;0,249;81,07;101,07;300,49
8,320;1,011;0,967;0,254;81,22;101,07;300,49
8,325;1,011;0,967;0,254;81,22;101,07;300,49
8,330;1,011;0,967;0,254;81,22;101,07;300,49
8,335;1,006;0,967;0,254;81,22;100,59;300,49
8,340;1,016;0,962;0,249;81,07;101,56;300,17
8,345;1,006;0,962;0,254;81,22;100,59;300,17
8,350;1,011;0,962;0,254;81,22;101,07;300,17
8,355;1,006;0,967;0,249;81,07;100,59;300,49
8,360;1,006;0,967;0,254;81,22;100,59;300,49
8,365;1,016;0,967;0,249;81,07;101,56;300,49
8,370;1,006;0,967;0,254;81,22;100,59;300,49
8,375;1,006;0,962;0,254;81,22;100,59;300,17
8,380;1,016;0,967;0,254;81,22;101,56;300,49
8,385;1,006;0,967;0,254;81,22;100,59;300,49
8,390;1,016;0,962;0,249;81,07;101,56;300,17
8,395;1,006;0,967;0,254;81,22;100,59;300,49
8,400;1,011;0,962;0,254;81,22;101,07;300,17
8,405;1,011;0,962;0,249;81,07;101,07;300,17
8,410;1,006;0,967;0,254;81,22;100,59;300,49
8,415;1,011;0,962;0,249;81,07;101,07;300,17
8,420;1,006;0,967;0,254;81,22;100,59;300,49
8,425;1,011;0,962;0,254;81,22;101,07;300,17
8,430;1,016;0,967;0,254;81,22;101,56;300,49
8,435;1,006;0,962;0,254;81,22;100,59;300,17
8,440;1,006;0,962;0,249;81,07;100,59;300,17
8,445;1,006;0,967;0,254;81,22;100,59;300,49
8,450;1,016;0,962;0,254;81,22;101,56;300,17
8,455;1,006;0,962;0,254;81,22;100,59;300,17
8,460;0,996;0,967;0,254;81,22;99,61;300,49
8,465;1,016;0,962;0,249;81,07;101,56;300,17
8,470;1,006;0,962;0,254;81,22;100,59;300,17
8,475;1,016;0,962;0,254;81,22;101,56;300,17
8,480;1,006;0,962;0,254;81,22;100,59;300,17
8,485;1,001;0,967;0,254;81,22;100,10;300,49
8,490;1,006;0,962;0,249;81,07;100,59;300,17
8,495;1,016;0,962;0,254;81,22;101,56;300,17
8,500;1,006;0,967;0,249;81,07;100,59;300,49
8,505;1,011;0,962;0,249;81,07;101,07;300,17
8,510;1,006;0,962;0,249;81,07;100,59;300,17
8,515;1,006;0,957;0,249;81,07;100,59;299,85
8,520;1,006;0,967;0,254;81,22;100,59;300,49
8,525;1,011;0,952;0,254;81,22;101,07;299,53
8,530;1,011;0,962;0,254;81,22;101,07;300,17
8,535;1,006;0,962;0,254;81,22;100,59;300,17
8,540;1,011;0,962;0,249;81,07;101,07;300,17
8,545;1,006;0,962;0,249;81,07;100,59;300,17
8,550;1,006;0,962;0,254;81,22;100,59;300,17
8,555;1,006;0,962;0,269;81,68;100,59;300,17
8,560;1,006;0,962;0,249;81,07;100,59;300,17
8,565;1,006;0,962;0,234;80,61;100,59;300,17
8,570;1,006;0,962;0,244;80,92;100,59;300,17
8,575;1,011;0,962;0,254;81,22;101,07;300,17
8,580;1,016;0,962;0,259;81,37;101,56;300,17
8,585;1,006;0,962;0,254;81,22;100,59;300,17
8,590;1,006;0,962;0,254;81,22;100,59;300,17
8,595;1,006;0,962;0,254;81,22;100,59;300,17
8,600;1,016;0,962;0,254;81,22;101,56;300,17
8,605;1,011;0,962;0,249;81,07;101,07;300,17
8,610;1,006;0,962;0,249;81,07;100,59;300,17
8,615;1,011;0,962;0,249;81,07;101,07;300,17
8,620;1,006;0,962;0,254;81,22;100,59;300,17
8,625;1,006;0,962;0,254;81,22;100,59;300,17
8,630;1,011;0,962;0,249;81,07;101,07;300,17
8,635;1,006;0,962;0,254;81,22;100,59;300,17
8,640;1,016;0,962;0,249;81,07;101,56;300,17
8,645;1,006;0,972;0,254;81,22;100,59;300,80
8,650;1,006;0,962;0,254;81,22;100,59;300,17
8,655;1,006;0,962;0,254;81,22;100,59;300,17
8,660;1,006;0,962;0,249;81,07;100,59;300,17
8,665;1,011;0,962;0,249;81,07;101,07;300,17
8,670;1,006;0,962;0,249;81,07;100,59;300,17
8,675;1,006;0,962;0,249;81,07;100,59;300,17
8,680;1,006;0,962;0,254;81,22;100,59;300,17
8,685;1,006;0,962;0,249;81,07;100,59;300,17
8,690;1,006;0,962;0,249;81,07;100,59;300,17
8,695;1,006;0,962;0,254;81,22;100,59;300,17
8,700;1,011;0,962;0,254;81,22;101,07;300,17
8,705;1,006;0,962;0,254;81,22;100,59;300,17
8,710;1,006;0,962;0,254;81,22;100,59;300,17
8,715;1,006;0,962;0,254;81,22;100,59;300,17
8,720;1,001;0,962;0,254;81,22;100,10;300,17
8,725;1,011;0,962;0,249;81,07;101,07;300,17
8,730;1,006;0,962;0,249;81,07;100,59;300,17
8,735;1,006;0,962;0,254;81,22;100,59;300,17
8,740;1,006;0,962;0,254;81,22;100,59;300,17
8,745;1,006;0,962;0,254;81,22;100,59;300,17
8,750;1,011;0,962;0,249;81,07;101,07;300,17
8,755;1,011;0,962;0,254;81,22;101,07;300,17
8,760;1,011;0,962;0,254;81,22;101,07;300,17
8,765;1,011;0,962;0,254;81,22;101,07;300,17
8,770;1,006;0,962;0,254;81,22;100,59;300,17
8,775;1,006;0,962;0,249;81,07;100,59;300,17
8,780;1,006;0,962;0,254;81,22;100,59;300,17
8,785;1,006;0,962;0,249;81,07;100,59;300,17
8,790;1,011;0,957;0,249;81,07;101,07;299,85
8,795;1,006;0,962;0,249;81,07;100,59;300,17
8,800;1,006;0,962;0,249;81,07;100,59;300,17
8,805;1,006;0,972;0,254;81,22;100,59;300,80
8,810;1,006;0,962;0,249;81,07;100,59;300,17
8,815;1,011;0,962;0,249;81,07;101,07;300,17
8,820;1,006;0,962;0,254;81,22;100,59;300,17
8,825;1,011;0,962;0,254;81,22;101,07;300,17
8,830;1,011;0,962;0,254;81,22;101,07;300,17
8,835;1,006;0,962;0,254;81,22;100,59;300,17
8,840;1,011;0,962;0,254;81,22;101,07;300,17
8,845;1,006;0,962;0,254;81,22;100,59;300,17
8,850;1,011;0,962;0,254;81,22;101,07;300,17
8,855;1,006;0,962;0,254;81,22;100,59;300,17
8,860;1,006;0,962;0,254;81,22;100,59;300,17
8,865;1,011;0,962;0,249;81,07;101,07;300,17
8,870;1,006;0,962;0,254;81,22;100,59;300,17
8,875;1,016;0,962;0,254;81,22;101,56;300,17
8,880;1,006;0,962;0,254;81,22;100,59;300,17
8,885;1,006;0,962;0,249;81,07;100,59;300,17
8,890;1,016;0,957;0,249;81,07;101,56;299,85
8,895;1,011;0,962;0,254;81,22;101,07;300,17
8,900;1,011;0,957;0,254;81,22;101,07;299,85
8,905;1,016;0,962;0,254;81,22;101,56;300,17
8,910;1,006;0,962;0,254;81,22;100,59;300,17
8,915;1,011;0,962;0,249;81,07;101,07;300,17
8,920;1,006;0,962;0,254;81,22;100,59;300,17
8,925;1,006;0,977;0,254;81,22;100,59;301,12
8,930;1,011;0,962;0,254;81,22;101,07;300,17
8,935;1,006;0,962;0,249;81,07;100,59;300,17
8,940;1,011;0,962;0,249;81,07;101,07;300,17
8,945;1,006;0,957;0,254;81,22;100,59;299,85
8,950;1,006;0,962;0,254;81,22;100,59;300,17
8,955;1,006;0,962;0,254;81,22;100,59;300,17
8,960;1,006;0,962;0,249;81,07;100,59;300,17
8,965;1,011;0,957;0,249;81,07;101,07;299,85
8,970;1,006;0,962;0,249;81,07;100,59;300,17
8,975;1,006;0,957;0,254;81,22;100,59;299,85
8,980;1,006;0,957;0,254;81,22;100,59;299,85
8,985;1,006;0,962;0,254;81,22;100,59;300,17
8,990;1,011;0,957;0,249;81,07;101,07;299,85
8,995;1,006;0,962;0,249;81,07;100,59;300,17
9,000;1,011;0,957;0,254;81,22;101,07;299,85
9,005;1,006;0,962;0,254;81,22;100,59;300,17
9,010;1,006;0,962;0,254;81,22;100,59;300,17
9,015;1,006;0,957;0,249;81,07;100,59;299,85
9,020;1,006;0,962;0,254;81,22;100,59;300,17
9,025;1,011;0,962;0,249;81,07;101,07;300,17
9,030;1,011;0,962;0,254;81,22;101,07;300,17
9,035;1,006;0,957;0,254;81,22;100,59;299,85
9,040;1,006;0,957;0,249;81,07;100,59;299,85
9,045;1,006;0,957;0,254;81,22;100,59;299,85
9,050;1,011;0,962;0,254;81,22;101,07;300,17
9,055;1,006;0,957;0,244;80,92;100,59;299,85
9,060;1,011;0,957;0,249;81,07;101,07;299,85
9,065;1,011;0,957;0,254;81,22;101,07;299,85
9,070;1,006;0,957;0,254;81,22;100,59;299,85
9,075;1,006;0,957;0,249;81,07;100,59;299,85
9,080;1,006;0,962;0,254;81,22;100,59;300,17
9,085;1,006;0,957;0,254;81,22;100,59;299,85
9,090;1,011;0,957;0,249;81,07;101,07;299,85
9,095;1,006;0,962;0,254;81,22;100,59;300,17
9,100;1,011;0,957;0,249;81,07;101,07;299,85
9,105;1,011;0,957;0,254;81,22;101,07;299,85
9,110;1,006;0,967;0,254;81,22;100,59;300,49
9,115;1,001;0,957;0,249;81,07;100,10;299,85
9,120;1,006;0,972;0,254;81,22;100,59;300,80
9,125;1,011;0,957;0,254;81,22;101,07;299,85
9,130;1,011;0,962;0,254;81,22;101,07;300,17
9,135;1,006;0,967;0,254;81,22;100,59;300,49
9,140;1,011;0,957;0,249;81,07;101,07;299,85
9,145;1,011;0,957;0,254;81,22;101,07;299,85
9,150;1,011;0,957;0,254;81,22;101,07;299,85
9,155;1,006;0,957;0,249;81,07;100,59;299,85
9,160;1,006;0,957;0,234;80,61;100,59;299,85
9,165;1,011;0,957;0,254;81,22;101,07;299,85
9,170;1,006;0,957;0,259;81,37;100,59;299,85
9,175;1,006;0,962;0,239;80,76;100,59;300,17
9,180;1,006;0,957;0,259;81,37;100,59;299,85
9,185;1,006;0,957;0,254;81,22;100,59;299,85
9,190;1,006;0,957;0,249;81,07;100,59;299,85
9,195;1,006;0,957;0,254;81,22;100,59;299,85
9,200;1,006;0,957;0,254;81,22;100,59;299,85
9,205;1,006;0,962;0,249;81,07;100,59;300,17
9,210;1,006;0,957;0,249;81,07;100,59;299,85
9,215;1,011;0,957;0,249;81,07;101,07;299,85
9,220;1,006;0,962;0,254;81,22;100,59;300,17
9,225;1,011;0,957;0,254;81,22;101,07;299,85
9,230;1,006;0,957;0,254;81,22;100,59;299,85
9,235;1,006;0,957;0,249;81,07;100,59;299,85
9,240;1,011;0,957;0,249;81,07;101,07;299,85
9,245;1,006;0,957;0,249;81,07;100,59;299,85
9,250;1,011;0,957;0,254;81,22;101,07;299,85
9,255;1,006;0,957;0,249;81,07;100,59;299,85
9,260;1,006;0,957;0,254;81,22;100,59;299,85
9,265;1,016;0,957;0,249;81,07;101,56;299,85
9,270;1,006;0,957;0,249;81,07;100,59;299,85
9,275;1,006;0,957;0,254;81,22;100,59;299,85
9,280;1,006;0,957;0,249;81,07;100,59;299,85
9,285;1,006;0,957;0,264;81,53;100,59;299,85
9,290;1,011;0,957;0,249;81,07;101,07;299,85
9,295;1,006;0,957;0,254;81,22;100,59;299,85
9,300;1,006;0,957;0,254;81,22;100,59;299,85
9,305;1,006;0,957;0,254;81,22;100,59;299,85
9,310;1,006;0,957;0,254;81,22;100,59;299,85
9,315;1,011;0,957;0,249;81,07;101,07;299,85
9,320;1,006;0,957;0,254;81,22;100,59;299,85
9,325;1,011;0,957;0,254;81,22;101,07;299,85
9,330;1,006;0,957;0,254;81,22;100,59;299,85
9,335;1,006;0,957;0,254;81,22;100,59;299,85
9,340;1,011;0,957;0,254;81,22;101,07;299,85
9,345;1,006;0,957;0,254;81,22;100,59;299,85
9,350;1,006;0,957;0,249;81,07;100,59;299,85
9,355;1,006;0,957;0,254;81,22;100,59;299,85
9,360;1,006;0,957;0,249;81,07;100,59;299,85
9,365;1,006;0,957;0,249;81,07;100,59;299,85
9,370;1,006;0,957;0,254;81,22;100,59;299,85
9,375;1,011;0,957;0,249;81,07;101,07;299,85
9,380;1,006;0,957;0,254;81,22;100,59;299,85
9,385;1,006;0,957;0,254;81,22;100,59;299,85
9,390;1,006;0,957;0,249;81,07;100,59;299,85
9,395;1,016;0,957;0,254;81,22;101,56;299,85
9,400;1,011;0,957;0,254;81,22;101,07;299,85
9,405;1,011;0,957;0,249;81,07;101,07;299,85
9,410;1,006;0,957;0,249;81,07;100,59;299,85
9,415;1,011;0,952;0,249;81,07;101,07;299,53
9,420;1,006;0,957;0,254;81,22;100,59;299,85
9,425;1,006;0,957;0,249;81,07;100,59;299,85
9,430;1,006;0,957;0,249;81,07;100,59;299,85
9,435;1,006;0,957;0,249;81,07;100,59;299,85
9,440;1,011;0,957;0,249;81,07;101,07;299,85
9,445;1,006;0,957;0,254;81,22;100,59;299,85
9,450;1,006;0,957;0,254;81,22;100,59;299,85
9,455;1,011;0,957;0,254;81,22;101,07;299,85
9,460;1,006;0,957;0,249;81,07;100,59;299,85
9,465;1,011;0,952;0,249;81,07;101,07;299,53
9,470;1,011;0,957;0,254;81,22;101,07;299,85
9,475;1,006;0,957;0,254;81,22;100,59;299,85
9,480;1,011;0,957;0,249;81,07;101,07;299,85
9,485;1,006;0,957;0,254;81,22;100,59;299,85
9,490;1,006;0,957;0,249;81,07;100,59;299,85
9,495;1,006;0,957;0,249;81,07;100,59;299,85
9,500;1,011;0,957;0,249;81,07;101,07;299,85
9,505;1,006;0,957;0,249;81,07;100,59;299,85
9,510;1,006;0,952;0,254;81,22;100,59;299,53
9,515;1,006;0,957;0,249;81,07;100,59;299,85
9,520;1,006;0,957;0,254;81,22;100,59;299,85
9,525;1,001;0,957;0,254;81,22;100,10;299,85
9,530;1,011;0,957;0,249;81,07;101,07;299,85
9,535;1,006;0,957;0,254;81,22;100,59;299,85
9,540;1,011;0,957;0,254;81,22;101,07;299,85
9,545;1,006;0,957;0,249;81,07;100,59;299,85
9,550;1,006;0,957;0,249;81,07;100,59;299,85
9,555;1,001;0,957;0,249;81,07;100,10;299,85
9,560;1,006;0,957;0,254;81,22;100,59;299,85
9,565;1,006;0,957;0,254;81,22;100,59;299,85
9,570;1,006;0,957;0,254;81,22;100,59;299,85
9,575;1,006;0,957;0,249;81,07;100,59;299,85
9,580;1,006;0,957;0,254;81,22;100,59;299,85
9,585;1,006;0,957;0,254;81,22;100,59;299,85
9,590;1,011;0,957;0,254;81,22;101,07;299,85
9,595;1,006;0,957;0,254;81,22;100,59;299,85
9,600;1,006;0,957;0,249;81,07;100,59;299,85
9,605;1,006;0,957;0,249;81,07;100,59;299,85
9,610;1,006;0,957;0,254;81,22;100,59;299,85
9,615;1,006;0,957;0,254;81,22;100,59;299,85
9,620;1,006;0,957;0,254;81,22;100,59;299,85
9,625;1,006;0,952;0,254;81,22;100,59;299,53
9,630;1,006;0,957;0,249;81,07;100,59;299,85
9,635;1,006;0,957;0,249;81,07;100,59;299,85
9,640;1,011;0,957;0,249;81,07;101,07;299,85
9,645;1,006;0,957;0,254;81,22;100,59;299,85
9,650;1,006;0,957;0,254;81,22;100,59;299,85
9,655;1,016;0,952;0,249;81,07;101,56;299,53
9,660;1,006;0,957;0,254;81,22;100,59;299,85
9,665;1,011;0,957;0,254;81,22;101,07;299,85
9,670;1,016;0,952;0,254;81,22;101,56;299,53
9,675;0,996;0,957;0,234;80,61;99,61;299,85
9,680;1,006;0,957;0,244;80,92;100,59;299,85
9,685;1,006;0,957;0,254;81,22;100,59;299,85
9,690;1,006;0,957;0,249;81,07;100,59;299,85
9,695;1,006;0,957;0,254;81,22;100,59;299,85
9,700;1,006;0,952;0,254;81,22;100,59;299,53
9,705;1,006;0,957;0,254;81,22;100,59;299,85
9,710;1,006;0,952;0,249;81,07;100,59;299,53
9,715;1,016;0,957;0,249;81,07;101,56;299,85
9,720;1,006;0,947;0,254;81,22;100,59;299,21
9,725;1,001;0,957;0,254;81,22;100,10;299,85
9,730;1,011;0,962;0,249;81,07;101,07;300,17
9,735;1,001;0,957;0,254;81,22;100,10;299,85
9,740;1,006;0,952;0,249;81,07;100,59;299,53
9,745;1,011;0,947;0,254;81,22;101,07;299,21
9,750;1,006;0,957;0,254;81,22;100,59;299,85
9,755;1,006;0,952;0,254;81,22;100,59;299,53
9,760;1,006;0,957;0,244;80,92;100,59;299,85
9,765;1,006;0,952;0,254;81,22;100,59;299,53
9,770;1,006;0,957;0,254;81,22;100,59;299,85
9,775;1,006;0,957;0,264;81,53;100,59;299,85
9,780;1,006;0,952;0,264;81,53;100,59;299,53
9,785;1,006;0,952;0,249;81,07;100,59;299,53
9,790;1,006;0,952;0,254;81,22;100,59;299,53
9,795;1,006;0,957;0,249;81,07;100,59;299,85
9,800;1,006;0,952;0,254;81,22;100,59;299,53
9,805;1,006;0,957;0,254;81,22;100,59;299,85
9,810;1,006;0,952;0,254;81,22;100,59;299,53
9,815;1,006;0,952;0,249;81,07;100,59;299,53
9,820;1,006;0,952;0,249;81,07;100,59;299,53
9,825;1,006;0,957;0,254;81,22;100,59;299,85
9,830;1,006;0,957;0,254;81,22;100,59;299,85
9,835;1,006;0,957;0,249;81,07;100,59;299,85
9,840;1,006;0,952;0,254;81,22;100,59;299,53
9,845;1,011;0,957;0,249;81,07;101,07;299,85
9,850;1,006;0,957;0,254;81,22;100,59;299,85
9,855;1,011;0,952;0,254;81,22;101,07;299,53
9,860;1,006;0,952;0,254;81,22;100,59;299,53
9,865;1,006;0,957;0,254;81,22;100,59;299,85
9,870;1,011;0,952;0,249;81,07;101,07;299,53
9,875;1,006;0,957;0,254;81,22;100,59;299,85
9,880;1,006;0,952;0,254;81,22;100,59;299,53
9,885;1,006;0,957;0,244;80,92;100,59;299,85
9,890;1,001;0,952;0,254;81,22;100,10;299,53
9,895;1,006;0,952;0,249;81,07;100,59;299,53
9,900;1,006;0,957;0,254;81,22;100,59;299,85
9,905;1,006;0,957;0,254;81,22;100,59;299,85
9,910;1,006;0,957;0,249;81,07;100,59;299,85
9,915;1,006;0,952;0,249;81,07;100,59;299,53
9,920;1,006;0,952;0,249;81,07;100,59;299,53
9,925;1,006;0,957;0,254;81,22;100,59;299,85
9,930;1,006;0,952;0,249;81,07;100,59;299,53
9,935;1,006;0,952;0,249;81,07;100,59;299,53
9,940;1,001;0,952;0,249;81,07;100,10;299,53
9,945;1,006;0,957;0,249;81,07;100,59;299,85
9,950;1,006;0,952;0,254;81,22;100,59;299,53
9,955;1,006;0,952;0,254;81,22;100,59;299,53
9,960;1,006;0,952;0,249;81,07;100,59;299,53
9,965;1,006;0,952;0,254;81,22;100,59;299,53
9,970;1,011;0,957;0,254;81,22;101,07;299,85
9,975;1,006;0,957;0,254;81,22;100,59;299,85
9,980;1,006;0,957;0,254;81,22;100,59;299,85
9,985;1,006;0,952;0,249;81,07;100,59;299,53
9,990;1,006;0,952;0,254;81,22;100,59;299,53
9,995;1,006;0,952;0,254;81,22;100,59;299,53
10,000;1,011;0,952;0,254;81,22;101,07;299,53
10,005;1,001;0,957;0,254;81,22;100,10;299,85
10,010;1,011;0,952;0,249;81,07;101,07;299,53
10,015;1,006;0,952;0,254;81,22;100,59;299,53
10,020;1,006;0,952;0,249;81,07;100,59;299,53
10,025;1,006;0,957;0,254;81,22;100,59;299,85
10,030;1,001;0,952;0,254;81,22;100,10;299,53
10,035;1,016;0,952;0,225;80,31;101,56;299,53
10,040;1,006;0,952;0,254;81,22;100,59;299,53
10,045;1,006;0,952;0,254;81,22;100,59;299,53
10,050;1,011;0,957;0,249;81,07;101,07;299,85
10,055;1,001;0,957;0,249;81,07;100,10;299,85
10,060;1,006;0,952;0,254;81,22;100,59;299,53
10,065;1,006;0,952;0,254;81,22;100,59;299,53
10,070;1,011;0,952;0,249;81,07;101,07;299,53
10,075;1,006;0,952;0,249;81,07;100,59;299,53
10,080;1,006;0,952;0,254;81,22;100,59;299,53
10,085;1,006;0,957;0,254;81,22;100,59;299,85
10,090;1,006;0,952;0,254;81,22;100,59;299,53
10,095;1,006;0,952;0,254;81,22;100,59;299,53
10,100;1,006;0,957;0,249;81,07;100,59;299,85
10,105;1,001;0,952;0,254;81,22;100,10;299,53
10,110;1,006;0,952;0,254;81,22;100,59;299,53
10,115;1,006;0,952;0,254;81,22;100,59;299,53
10,120;1,006;0,952;0,249;81,07;100,59;299,53
10,125;1,006;0,952;0,249;81,07;100,59;299,53
10,130;1,001;0,952;0,254;81,22;100,10;299,53
10,135;1,016;0,952;0,249;81,07;101,56;299,53
10,140;1,006;0,952;0,254;81,22;100,59;299,53
10,145;1,006;0,952;0,249;81,07;100,59;299,53
10,150;1,006;0,952;0,249;81,07;100,59;299,53
10,155;1,016;0,952;0,249;81,07;101,56;299,53
10,160;1,006;0,952;0,249;81,07;100,59;299,53
10,165;1,006;0,957;0,249;81,07;100,59;299,85
10,170;1,006;0,952;0,254;81,22;100,59;299,53
10,175;1,001;0,952;0,249;81,07;100,10;299,53
10,180;1,001;0,952;0,254;81,22;100,10;299,53
10,185;1,006;0,952;0,254;81,22;100,59;299,53
10,190;1,006;0,957;0,254;81,22;100,59;299,85
10,195;1,006;0,952;0,249;81,07;100,59;299,53
10,200;1,006;0,952;0,249;81,07;100,59;299,53
10,205;1,006;0,952;0,254;81,22;100,59;299,53
10,210;1,006;0,952;0,254;81,22;100,59;299,53
10,215;1,006;0,952;0,254;81,22;100,59;299,53
10,220;1,001;0,952;0,254;81,22;100,10;299,53
10,225;1,006;0,952;0,249;81,07;100,59;299,53
10,230;1,006;0,952;0,254;81,22;100,59;299,53
10,235;1,011;0,952;0,254;81,22;101,07;299,53
10,240;1,006;0,952;0,249;81,07;100,59;299,53
10,245;1,001;0,952;0,254;81,22;100,10;299,53
10,250;1,011;0,952;0,254;81,22;101,07;299,53
10,255;1,006;0,952;0,254;81,22;100,59;299,53
10,260;1,006;0,952;0,249;81,07;100,59;299,53
10,265;1,006;0,952;0,254;81,22;100,59;299,53
10,270;1,006;0,952;0,249;81,07;100,59;299,53
10,275;1,016;0,952;0,244;80,92;101,56;299,53
10,280;1,006;0,952;0,254;81,22;100,59;299,53
10,285;1,006;0,952;0,259;81,37;100,59;299,53
10,290;1,011;0,952;0,249;81,07;101,07;299,53
10,295;1,001;0,952;0,254;81,22;100,10;299,53
10,300;1,006;0,952;0,249;81,07;100,59;299,53
10,305;1,006;0,952;0,254;81,22;100,59;299,53
10,310;1,006;0,952;0,254;81,22;100,59;299,53
10,315;1,011;0,952;0,249;81,07;101,07;299,53
10,320;1,006;0,952;0,249;81,07;100,59;299,53
10,325;1,006;0,947;0,254;81,22;100,59;299,21
10,330;1,006;0,952;0,254;81,22;100,59;299,53
10,335;1,006;0,942;0,249;81,07;100,59;298,90
10,340;1,006;0,952;0,249;81,07;100,59;299,53
10,345;1,006;0,947;0,254;81,22;100,59;299,21
10,350;1,006;0,952;0,249;81,07;100,59;299,53
10,355;1,006;0,967;0,254;81,22;100,59;300,49
10,360;1,006;0,952;0,254;81,22;100,59;299,53
10,365;1,006;0,947;0,249;81,07;100,59;299,21
10,370;1,006;0,952;0,254;81,22;100,59;299,53
10,375;1,006;0,947;0,249;81,07;100,59;299,21
10,380;1,006;0,952;0,225;80,31;100,59;299,53
10,385;1,006;0,952;0,254;81,22;100,59;299,53
10,390;1,006;0,947;0,249;81,07;100,59;299,21
10,395;1,006;0,957;0,264;81,53;100,59;299,85
10,400;1,006;0,952;0,254;81,22;100,59;299,53
10,405;1,006;0,952;0,249;81,07;100,59;299,53
10,410;1,006;0,952;0,254;81,22;100,59;299,53
10,415;1,006;0,952;0,249;81,07;100,59;299,53
10,420;1,006;0,952;0,254;81,22;100,59;299,53
10,425;1,006;0,952;0,254;81,22;100,59;299,53
10,430;1,006;0,952;0,254;81,22;100,59;299,53
10,435;0,996;0,952;0,254;81,22;99,61;299,53
10,440;1,006;0,952;0,254;81,22;100,59;299,53
10,445;1,006;0,952;0,249;81,07;100,59;299,53
10,450;1,006;0,952;0,249;81,07;100,59;299,53
10,455;1,006;0,952;0,254;81,22;100,59;299,53
10,460;1,001;0,952;0,254;81,22;100,10;299,53
10,465;1,011;0,952;0,249;81,07;101,07;299,53
10,470;1,006;0,952;0,254;81,22;100,59;299,53
10,475;1,006;0,952;0,249;81,07;100,59;299,53
10,480;1,006;0,952;0,254;81,22;100,59;299,53
10,485;1,006;0,952;0,254;81,22;100,59;299,53
10,490;1,006;0,952;0,249;81,07;100,59;299,53
10,495;1,006;0,952;0,254;81,22;100,59;299,53
10,500;1,006;0,952;0,254;81,22;100,59;299,53
10,505;1,006;0,942;0,249;81,07;100,59;298,90
10,510;1,006;0,952;0,249;81,07;100,59;299,53
10,515;1,006;0,952;0,249;81,07;100,59;299,53
10,520;1,006;0,952;0,249;81,07;100,59;299,53
10,525;1,006;0,952;0,278;81,98;100,59;299,53
10,530;1,006;0,952;0,249;81,07;100,59;299,53
10,535;1,006;0,952;0,254;81,22;100,59;299,53
10,540;1,006;0,952;0,254;81,22;100,59;299,53
10,545;1,006;0,952;0,254;81,22;100,59;299,53
10,550;1,006;0,952;0,254;81,22;100,59;299,53
10,555;1,006;0,952;0,249;81,07;100,59;299,53
10,560;1,006;0,952;0,254;81,22;100,59;299,53
10,565;1,006;0,952;0,249;81,07;100,59;299,53
10,570;1,006;0,952;0,249;81,07;100,59;299,53
10,575;1,006;0,952;0,254;81,22;100,59;299,53
10,580;1,006;0,952;0,249;81,07;100,59;299,53
10,585;1,006;0,952;0,254;81,22;100,59;299,53
10,590;1,006;0,952;0,254;81,22;100,59;299,53
10,595;1,006;0,952;0,249;81,07;100,59;299,53
10,600;1,006;0,952;0,254;81,22;100,59;299,53
10,605;1,006;0,952;0,254;81,22;100,59;299,53
10,610;1,006;0,952;0,254;81,22;100,59;299,53
10,615;1,006;0,952;0,249;81,07;100,59;299,53
10,620;1,011;0,952;0,249;81,07;101,07;299,53
10,625;1,006;0,952;0,254;81,22;100,59;299,53
10,630;1,006;0,952;0,254;81,22;100,59;299,53
10,635;1,006;0,952;0,254;81,22;100,59;299,53
10,640;1,006;0,947;0,254;81,22;100,59;299,21
10,645;1,006;0,952;0,254;81,22;100,59;299,53
10,650;1,006;0,952;0,254;81,22;100,59;299,53
10,655;1,006;0,952;0,249;81,07;100,59;299,53
10,660;1,006;0,952;0,254;81,22;100,59;299,53
10,665;1,006;0,952;0,254;81,22;100,59;299,53
10,670;1,006;0,952;0,249;81,07;100,59;299,53
10,675;1,006;0,952;0,254;81,22;100,59;299,53
10,680;1,006;0,952;0,254;81,22;100,59;299,53
10,685;1,006;0,952;0,254;81,22;100,59;299,53
10,690;1,001;0,952;0,254;81,22;100,10;299,53
10,695;1,006;0,952;0,254;81,22;100,59;299,53
10,700;1,006;0,952;0,254;81,22;100,59;299,53
10,705;1,006;0,952;0,249;81,07;100,59;299,53
10,710;1,006;0,952;0,249;81,07;100,59;299,53
10,715;1,006;0,952;0,254;81,22;100,59;299,53
10,720;1,006;0,952;0,254;81,22;100,59;299,53
10,725;1,006;0,952;0,254;81,22;100,59;299,53
10,730;1,006;0,947;0,254;81,22;100,59;299,21
10,735;1,006;0,952;0,254;81,22;100,59;299,53
10,740;1,001;0,952;0,254;81,22;100,10;299,53
10,745;1,006;0,947;0,254;81,22;100,59;299,21
10,750;1,006;0,952;0,254;81,22;100,59;299,53
10,755;1,006;0,952;0,254;81,22;100,59;299,53
10,760;1,006;0,952;0,249;81,07;100,59;299,53
10,765;1,001;0,952;0,254;81,22;100,10;299,53
10,770;1,006;0,952;0,249;81,07;100,59;299,53
10,775;1,006;0,947;0,254;81,22;100,59;299,21
10,780;1,006;0,952;0,254;81,22;100,59;299,53
10,785;1,006;0,952;0,249;81,07;100,59;299,53
10,790;1,006;0,952;0,249;81,07;100,59;299,53
10,795;1,006;0,952;0,249;81,07;100,59;299,53
10,800;1,006;0,952;0,254;81,22;100,59;299,53
10,805;1,006;0,952;0,225;80,31;100,59;299,53
10,810;1,006;0,952;0,254;81,22;100,59;299,53
10,815;1,006;0,952;0,254;81,22;100,59;299,53
10,820;1,006;0,952;0,249;81,07;100,59;299,53
10,825;1,006;0,947;0,249;81,07;100,59;299,21
10,830;1,001;0,952;0,254;81,22;100,10;299,53
10,835;1,006;0,942;0,249;81,07;100,59;298,90
10,840;1,006;0,952;0,249;81,07;100,59;299,53
10,845;1,006;0,952;0,254;81,22;100,59;299,53
10,850;1,006;0,952;0,249;81,07;100,59;299,53
10,855;1,001;0,952;0,254;81,22;100,10;299,53
10,860;1,006;0,947;0,254;81,22;100,59;299,21
10,865;1,006;0,952;0,254;81,22;100,59;299,53
10,870;1,006;0,952;0,249;81,07;100,59;299,53
10,875;1,016;0,952;0,244;80,92;101,56;299,53
10,880;1,006;0,952;0,249;81,07;100,59;299,53
10,885;1,006;0,952;0,254;81,22;100,59;299,53
10,890;1,011;0,952;0,254;81,22;101,07;299,53
10,895;1,006;0,947;0,264;81,53;100,59;299,21
10,900;1,016;0,947;0,254;81,22;101,56;299,21
10,905;1,006;0,952;0,254;81,22;100,59;299,53
10,910;1,006;0,947;0,249;81,07;100,59;299,21
10,915;1,011;0,952;0,254;81,22;101,07;299,53
10,920;1,001;0,952;0,254;81,22;100,10;299,53
10,925;1,006;0,947;0,254;81,22;100,59;299,21
10,930;1,006;0,942;0,254;81,22;100,59;298,90
10,935;1,006;0,952;0,254;81,22;100,59;299,53
10,940;1,011;0,952;0,249;81,07;101,07;299,53
10,945;1,001;0,952;0,249;81,07;100,10;299,53
10,950;1,006;0,947;0,249;81,07;100,59;299,21
10,955;1,001;0,937;0,254;81,22;100,10;298,58
10,960;1,006;0,952;0,254;81,22;100,59;299,53
10,965;1,006;0,952;0,254;81,22;100,59;299,53
10,970;1,001;0,952;0,254;81,22;100,10;299,53
10,975;1,006;0,942;0,249;81,07;100,59;298,90
10,980;1,006;0,952;0,244;80,92;100,59;299,53
10,985;1,006;0,952;0,254;81,22;100,59;299,53
10,990;1,006;0,952;0,234;80,61;100,59;299,53
10,995;1,006;0,937;0,259;81,37;100,59;298,58
11,000;1,011;0,947;0,254;81,22;101,07;299,21
11,005;1,006;0,952;0,264;81,53;100,59;299,53
11,010;1,001;0,952;0,254;81,22;100,10;299,53
11,015;1,006;0,947;0,254;81,22;100,59;299,21
11,020;1,006;0,952;0,254;81,22;100,59;299,53
11,025;1,011;0,952;0,249;81,07;101,07;299,53
11,030;1,006;0,952;0,254;81,22;100,59;299,53
11,035;1,006;0,952;0,254;81,22;100,59;299,53
11,040;1,006;0,952;0,249;81,07;100,59;299,53
11,045;1,006;0,952;0,254;81,22;100,59;299,53
11,050;1,006;0,952;0,254;81,22;100,59;299,53
11,055;1,011;0,952;0,249;81,07;101,07;299,53
11,060;1,006;0,952;0,254;81,22;100,59;299,53
11,065;1,006;0,947;0,249;81,07;100,59;299,21
11,070;1,011;0,952;0,254;81,22;101,07;299,53
11,075;1,006;0,952;0,254;81,22;100,59;299,53
11,080;1,011;0,952;0,254;81,22;101,07;299,53
11,085;1,006;0,952;0,254;81,22;100,59;299,53
11,090;1,006;0,947;0,254;81,22;100,59;299,21
11,095;1,006;0,952;0,249;81,07;100,59;299,53
11,100;1,001;0,952;0,254;81,22;100,10;299,53
11,105;1,006;0,947;0,254;81,22;100,59;299,21
11,110;1,006;0,952;0,249;81,07;100,59;299,53
11,115;1,006;0,952;0,254;81,22;100,59;299,53
11,120;1,006;0,952;0,254;81,22;100,59;299,53
11,125;1,006;0,952;0,254;81,22;100,59;299,53
11,130;1,006;0,947;0,249;81,07;100,59;299,21
11,135;1,006;0,952;0,254;81,22;100,59;299,53
11,140;1,006;0,952;0,254;81,22;100,59;299,53
11,145;1,006;0,947;0,249;81,07;100,59;299,21
11,150;1,006;0,947;0,249;81,07;100,59;299,21
11,155;1,006;0,947;0,249;81,07;100,59;299,21
11,160;1,006;0,952;0,254;81,22;100,59;299,53
11,165;1,006;0,947;0,254;81,22;100,59;299,21
11,170;1,006;0,952;0,254;81,22;100,59;299,53
11,175;1,001;0,952;0,254;81,22;100,10;299,53
11,180;1,006;0,952;0,249;81,07;100,59;299,53
11,185;1,006;0,952;0,254;81,22;100,59;299,53
11,190;1,006;0,952;0,254;81,22;100,59;299,53
11,195;1,006;0,952;0,254;81,22;100,59;299,53
11,200;1,001;0,947;0,254;81,22;100,10;299,21
11,205;1,006;0,952;0,249;81,07;100,59;299,53
11,210;1,006;0,952;0,254;81,22;100,59;299,53
11,215;1,006;0,952;0,254;81,22;100,59;299,53
11,220;1,006;0,952;0,254;81,22;100,59;299,53
11,225;1,006;0,947;0,254;81,22;100,59;299,21
11,230;1,006;0,952;0,254;81,22;100,59;299,53
11,235;1,006;0,952;0,254;81,22;100,59;299,53
11,240;1,006;0,947;0,249;81,07;100,59;299,21
11,245;1,006;0,952;0,249;81,07;100,59;299,53
11,250;1,006;0,947;0,254;81,22;100,59;299,21
11,255;1,006;0,952;0,254;81,22;100,59;299,53
11,260;1,006;0,952;0,249;81,07;100,59;299,53
11,265;1,006;0,947;0,254;81,22;100,59;299,21
11,270;1,006;0,952;0,249;81,07;100,59;299,53
11,275;1,006;0,952;0,234;80,61;100,59;299,53
11,280;1,006;0,947;0,254;81,22;100,59;299,21
11,285;1,006;0,952;0,249;81,07;100,59;299,53
11,290;1,006;0,952;0,254;81,22;100,59;299,53
11,295;1,006;0,952;0,249;81,07;100,59;299,53
11,300;1,006;0,952;0,254;81,22;100,59;299,53
11,305;1,006;0,952;0,254;81,22;100,59;299,53
11,310;1,006;0,952;0,249;81,07;100,59;299,53
11,315;1,001;0,952;0,254;81,22;100,10;299,53
11,320;1,006;0,952;0,249;81,07;100,59;299,53
11,325;1,006;0,947;0,264;81,53;100,59;299,21
11,330;1,006;0,947;0,254;81,22;100,59;299,21
11,335;1,006;0,952;0,254;81,22;100,59;299,53
11,340;1,006;0,947;0,254;81,22;100,59;299,21
11,345;1,006;0,947;0,249;81,07;100,59;299,21
11,350;1,006;0,952;0,254;81,22;100,59;299,53
11,355;1,006;0,947;0,249;81,07;100,59;299,21
11,360;1,006;0,952;0,249;81,07;100,59;299,53
11,365;1,006;0,942;0,254;81,22;100,59;298,90
11,370;1,011;0,947;0,249;81,07;101,07;299,21
11,375;1,006;0,947;0,249;81,07;100,59;299,21
11,380;1,006;0,947;0,249;81,07;100,59;299,21
11,385;1,006;0,947;0,254;81,22;100,59;299,21
11,390;1,006;0,952;0,254;81,22;100,59;299,53
11,395;1,006;0,952;0,249;81,07;100,59;299,53
11,400;1,006;0,952;0,254;81,22;100,59;299,53
11,405;1,001;0,952;0,249;81,07;100,10;299,53
11,410;1,006;0,947;0,249;81,07;100,59;299,21
11,415;1,006;0,952;0,254;81,22;100,59;299,53
11,420;1,006;0,947;0,254;81,22;100,59;299,21
11,425;1,006;0,947;0,249;81,07;100,59;299,21
11,430;1,006;0,947;0,249;81,07;100,59;299,21
11,435;1,006;0,947;0,249;81,07;100,59;299,21
11,440;1,006;0,952;0,254;81,22;100,59;299,53
11,445;1,006;0,947;0,254;81,22;100,59;299,21
11,450;1,006;0,947;0,249;81,07;100,59;299,21
11,455;1,006;0,952;0,249;81,07;100,59;299,53
11,460;1,011;0,947;0,249;81,07;101,07;299,21
11,465;1,011;0,947;0,254;81,22;101,07;299,21
11,470;1,006;0,952;0,254;81,22;100,59;299,53
11,475;1,011;0,947;0,249;81,07;101,07;299,21
11,480;1,006;0,952;0,249;81,07;100,59;299,53
11,485;1,016;0,947;0,249;81,07;101,56;299,21
11,490;1,016;0,952;0,249;81,07;101,56;299,53
11,495;1,001;0,952;0,244;80,92;100,10;299,53
11,500;1,006;0,952;0,249;81,07;100,59;299,53
11,505;1,001;0,947;0,254;81,22;100,10;299,21
11,510;1,001;0,947;0,254;81,22;100,10;299,21
11,515;1,006;0,947;0,249;81,07;100,59;299,21
11,520;1,016;0,952;0,254;81,22;101,56;299,53
11,525;1,006;0,947;0,249;81,07;100,59;299,21
11,530;1,006;0,952;0,254;81,22;100,59;299,53
11,535;1,006;0,962;0,249;81,07;100,59;300,17
11,540;1,006;0,952;0,254;81,22;100,59;299,53
11,545;1,006;0,952;0,249;81,07;100,59;299,53
11,550;1,006;0,952;0,249;81,07;100,59;299,53
11,555;1,006;0,952;0,254;81,22;100,59;299,53
11,560;1,006;0,942;0,254;81,22;100,59;298,90
11,565;1,006;0,947;0,249;81,07;100,59;299,21
11,570;1,001;0,947;0,254;81,22;100,10;299,21
11,575;1,006;0,952;0,249;81,07;100,59;299,53
11,580;1,006;0,952;0,244;80,92;100,59;299,53
11,585;1,001;0,952;0,249;81,07;100,10;299,53
11,590;1,006;0,952;0,239;80,76;100,59;299,53
11,595;1,006;0,952;0,234;80,61;100,59;299,53
11,600;1,006;0,947;0,244;80,92;100,59;299,21
11,605;1,006;0,947;0,254;81,22;100,59;299,21
11,610;1,006;0,947;0,254;81,22;100,59;299,21
11,615;1,006;0,952;0,278;81,98;100,59;299,53
11,620;1,006;0,947;0,254;81,22;100,59;299,21
11,625;1,006;0,952;0,249;81,07;100,59;299,53
11,630;1,006;0,947;0,254;81,22;100,59;299,21
11,635;1,006;0,947;0,234;80,61;100,59;299,21
11,640;1,006;0,952;0,249;81,07;100,59;299,53
11,645;1,006;0,947;0,254;81,22;100,59;299,21
11,650;1,011;0,947;0,254;81,22;101,07;299,21
11,655;1,006;0,947;0,249;81,07;100,59;299,21
11,660;1,006;0,947;0,254;81,22;100,59;299,21
11,665;1,006;0,947;0,249;81,07;100,59;299,21
11,670;1,006;0,947;0,249;81,07;100,59;299,21
11,675;1,006;0,942;0,249;81,07;100,59;298,90
11,680;1,006;0,952;0,249;81,07;100,59;299,53
11,685;1,006;0,952;0,249;81,07;100,59;299,53
11,690;1,006;0,947;0,249;81,07;100,59;299,21
11,695;1,006;0,952;0,254;81,22;100,59;299,53
11,700;1,006;0,947;0,254;81,22;100,59;299,21
11,705;1,006;0,947;0,249;81,07;100,59;299,21
11,710;1,001;0,952;0,254;81,22;100,10;299,53
11,715;1,006;0,947;0,254;81,22;100,59;299,21
11,720;1,006;0,947;0,254;81,22;100,59;299,21
11,725;1,006;0,947;0,254;81,22;100,59;299,21
11,730;1,006;0,952;0,249;81,07;100,59;299,53
11,735;1,006;0,952;0,254;81,22;100,59;299,53
11,740;1,006;0,947;0,249;81,07;100,59;299,21
11,745;1,006;0,947;0,254;81,22;100,59;299,21
11,750;1,006;0,947;0,254;81,22;100,59;299,21
11,755;1,006;0,947;0,249;81,07;100,59;299,21
11,760;1,001;0,947;0,249;81,07;100,10;299,21
11,765;1,006;0,947;0,283;82,14;100,59;299,21
11,770;1,006;0,952;0,254;81,22;100,59;299,53
11,775;1,001;0,947;0,254;81,22;100,10;299,21
11,780;1,006;0,947;0,254;81,22;100,59;299,21
11,785;1,006;0,947;0,254;81,22;100,59;299,21
11,790;1,006;0,947;0,254;81,22;100,59;299,21
11,795;1,006;0,947;0,254;81,22;100,59;299,21
11,800;1,006;0,952;0,254;81,22;100,59;299,53
11,805;1,006;0,947;0,254;81,22;100,59;299,21
11,810;1,006;0,952;0,254;81,22;100,59;299,53
11,815;1,006;0,947;0,254;81,22;100,59;299,21
11,820;1,006;0,947;0,249;81,07;100,59;299,21
11,825;1,006;0,947;0,254;81,22;100,59;299,21
11,830;1,006;0,947;0,249;81,07;100,59;299,21
11,835;1,006;0,947;0,254;81,22;100,59;299,21
11,840;1,011;0,947;0,254;81,22;101,07;299,21
11,845;1,006;0,952;0,254;81,22;100,59;299,53
11,850;1,006;0,947;0,254;81,22;100,59;299,21
11,855;1,006;0,947;0,249;81,07;100,59;299,21
11,860;1,006;0,947;0,254;81,22;100,59;299,21
11,865;1,006;0,947;0,249;81,07;100,59;299,21
11,870;1,006;0,947;0,254;81,22;100,59;299,21
11,875;1,001;0,947;0,249;81,07;100,10;299,21
11,880;1,006;0,947;0,249;81,07;100,59;299,21
11,885;1,006;0,952;0,254;81,22;100,59;299,53
11,890;1,006;0,947;0,254;81,22;100,59;299,21
11,895;1,006;0,947;0,249;81,07;100,59;299,21
11,900;1,006;0,947;0,254;81,22;100,59;299,21
11,905;1,006;0,947;0,249;81,07;100,59;299,21
11,910;1,006;0,952;0,254;81,22;100,59;299,53
11,915;1,006;0,947;0,254;81,22;100,59;299,21
11,920;1,006;0,947;0,254;81,22;100,59;299,21
11,925;1,001;0,947;0,249;81,07;100,10;299,21
11,930;1,006;0,947;0,254;81,22;100,59;299,21
11,935;1,006;0,947;0,254;81,22;100,59;299,21
11,940;1,006;0,947;0,254;81,22;100,59;299,21
11,945;1,006;0,947;0,254;81,22;100,59;299,21
11,950;1,006;0,947;0,249;81,07;100,59;299,21
11,955;1,006;0,947;0,249;81,07;100,59;299,21
11,960;1,006;0,947;0,254;81,22;100,59;299,21
11,965;1,006;0,952;0,254;81,22;100,59;299,53
11,970;1,006;0,947;0,254;81,22;100,59;299,21
11,975;1,001;0,947;0,254;81,22;100,10;299,21
11,980;1,006;0,947;0,249;81,07;100,59;299,21
11,985;1,001;0,947;0,254;81,22;100,10;299,21
11,990;1,006;0,947;0,254;81,22;100,59;299,21
11,995;1,006;0,947;0,254;81,22;100,59;299,21
12,000;1,006;0,947;0,254;81,22;100,59;299,21
12,005;1,006;0,947;0,249;81,07;100,59;299,21
12,010;1,006;0,947;0,254;81,22;100,59;299,21
12,015;1,006;0,947;0,249;81,07;100,59;299,21
12,020;1,006;0,947;0,254;81,22;100,59;299,21
12,025;1,001;0,957;0,254;81,22;100,10;299,85
12,030;1,006;0,947;0,249;81,07;100,59;299,21
12,035;1,006;0,947;0,254;81,22;100,59;299,21
12,040;1,006;0,947;0,254;81,22;100,59;299,21
12,045;1,006;0,947;0,249;81,07;100,59;299,21
12,050;1,006;0,947;0,254;81,22;100,59;299,21
12,055;1,006;0,947;0,249;81,07;100,59;299,21
12,060;1,001;0,947;0,254;81,22;100,10;299,21
12,065;1,006;0,952;0,249;81,07;100,59;299,53
12,070;1,006;0,947;0,254;81,22;100,59;299,21
12,075;1,006;0,947;0,249;81,07;100,59;299,21
12,080;1,006;0,952;0,254;81,22;100,59;299,53
12,085;1,011;0,952;0,244;80,92;101,07;299,53
12,090;1,001;0,947;0,249;81,07;100,10;299,21
12,095;1,001;0,952;0,249;81,07;100,10;299,53
12,100;1,001;0,947;0,254;81,22;100,10;299,21
12,105;1,006;0,947;0,254;81,22;100,59;299,21
12,110;1,011;0,947;0,254;81,22;101,07;299,21
12,115;1,006;0,947;0,244;80,92;100,59;299,21
12,120;1,011;0,947;0,254;81,22;101,07;299,21
12,125;1,006;0,947;0,259;81,37;100,59;299,21
12,130;1,001;0,952;0,269;81,68;100,10;299,53
12,135;0,991;0,942;0,288;82,29;99,12;298,90
12,140;0,986;0,942;0,312;83,05;98,63;298,90
12,145;0,972;0,947;0,352;84,27;97,17;299,21
12,150;0,957;0,937;0,410;86,10;95,70;298,58
12,155;0,928;0,933;0,479;88,23;92,77;298,26
12,160;0,898;0,918;0,566;90,97;89,84;297,31
12,165;0,874;0,913;0,674;94,32;87,40;296,99
12,170;0,835;0,898;0,801;98,28;83,50;296,03
12,175;0,801;0,889;0,928;102,25;80,08;295,40
12,180;0,767;0,869;1,084;107,12;76,66;294,12
12,185;0,728;0,850;1,250;112,30;72,75;292,85
12,190;0,698;0,830;1,416;117,48;69,82;291,58
12,195;0,664;0,811;1,611;123,57;66,41;290,31
12,200;0,635;0,786;1,816;129,97;63,48;288,72
12,205;0,605;0,767;2,012;136,07;60,55;287,44
12,210;0,581;0,742;2,197;141,85;58,11;285,85
12,215;0,557;0,728;2,363;147,03;55,66;284,90
12,220;0,527;0,698;2,588;154,04;52,73;282,99
12,225;0,513;0,674;2,769;159,68;51,27;281,40
12,230;0,493;0,654;2,979;166,23;49,32;280,13
12,235;0,479;0,630;3,174;172,32;47,85;278,54
12,240;0,459;0,615;3,374;178,57;45,90;277,58
12,245;0,444;0,591;3,569;184,66;44,43;275,99
12,250;0,430;0,571;3,760;190,60;42,97;274,72
12,255;0,415;0,557;3,955;196,70;41,50;273,77
12,260;0,405;0,537;4,150;202,79;40,53;272,49
12,265;0,396;0,522;4,336;208,58;39,55;271,54
12,270;0,391;0,503;4,502;213,76;39,06;270,27
12,275;0,371;0,488;4,517;214,22;37,11;269,31
12,280;0,376;0,479;4,512;214,07;37,60;268,68
12,285;0,381;0,469;4,512;214,07;38,09;268,04
12,290;0,391;0,454;4,521;214,37;39,06;267,08
12,295;0,391;0,449;4,521;214,37;39,06;266,77
12,300;0,391;0,444;4,521;214,37;39,06;266,45
12,305;0,381;0,439;4,521;214,37;38,09;266,13
12,310;0,391;0,435;4,521;214,37;39,06;265,81
12,315;0,391;0,435;4,521;214,37;39,06;265,81
12,320;0,391;0,430;4,517;214,22;39,06;265,49
12,325;0,391;0,430;4,517;214,22;39,06;265,49
12,330;0,391;0,430;4,512;214,07;39,06;265,49
12,335;0,400;0,430;4,512;214,07;40,04;265,49
12,340;0,391;0,430;4,512;214,07;39,06;265,49
12,345;0,391;0,430;4,463;212,54;39,06;265,49
12,350;0,396;0,430;4,414;211,02;39,55;265,49
12,355;0,396;0,435;4,380;209,95;39,55;265,81
12,360;0,400;0,435;4,346;208,89;40,04;265,81
12,365;0,400;0,435;4,307;207,67;40,04;265,81
12,370;0,405;0,439;4,258;206,14;40,53;266,13
12,375;0,410;0,444;4,199;204,32;41,02;266,45
12,380;0,415;0,449;4,141;202,49;41,50;266,77
12,385;0,420;0,454;4,062;200,05;41,99;267,08
12,390;0,420;0,459;3,975;197,31;41,99;267,40
12,395;0,435;0,464;3,877;194,26;43,46;267,72
12,400;0,435;0,474;3,770;190,91;43,46;268,36
12,405;0,449;0,479;3,652;187,25;44,92;268,68
12,410;0,459;0,488;3,535;183,60;45,90;269,31
12,415;0,464;0,498;3,413;179,79;46,39;269,95
12,420;0,479;0,508;3,286;175,83;47,85;270,58
12,425;0,488;0,518;3,164;172,02;48,83;271,22
12,430;0,503;0,527;3,032;167,91;50,29;271,86
12,435;0,518;0,547;2,900;163,79;51,76;273,13
12,440;0,527;0,552;2,773;159,83;52,73;273,45
12,445;0,542;0,566;2,642;155,72;54,20;274,40
12,450;0,552;0,581;2,510;151,60;55,18;275,36
12,455;0,571;0,596;2,383;147,64;57,13;276,31
12,460;0,586;0,610;2,251;143,53;58,59;277,26
12,465;0,605;0,625;2,124;139,57;60,55;278,22
12,470;0,625;0,635;1,997;135,61;62,50;278,85
12,475;0,640;0,654;1,875;131,80;63,96;280,13
12,480;0,659;0,669;1,748;127,84;65,92;281,08
12,485;0,684;0,684;1,631;124,18;68,36;282,04
12,490;0,703;0,703;1,514;120,53;70,31;283,31
12,495;0,723;0,708;1,406;117,18;72,27;283,63
12,500;0,737;0,732;1,309;114,13;73,73;285,22
12,505;0,762;0,742;1,216;111,23;76,17;285,85
12,510;0,781;0,762;1,133;108,64;78,12;287,13
12,515;0,796;0,776;1,084;107,12;79,59;288,08
12,520;0,811;0,786;0,996;104,38;81,05;288,72
12,525;0,820;0,801;0,942;102,70;82,03;289,67
12,530;0,840;0,811;0,889;101,03;83,98;290,31
12,535;0,850;0,825;0,850;99,81;84,96;291,26
12,540;0,859;0,830;0,811;98,59;85,94;291,58
12,545;0,869;0,845;0,786;97,83;86,91;292,53
12,550;0,874;0,850;0,757;96,91;87,40;292,85
12,555;0,884;0,859;0,732;96,15;88,38;293,49
12,560;0,889;0,864;0,713;95,54;88,87;293,81
12,565;0,894;0,869;0,698;95,09;89,36;294,12
12,570;0,898;0,879;0,684;94,63;89,84;294,76
12,575;0,898;0,879;0,674;94,32;89,84;294,76
12,580;0,908;0,889;0,659;93,87;90,82;295,40
12,585;0,903;0,898;0,649;93,56;90,33;296,03
12,590;0,908;0,898;0,640;93,26;90,82;296,03
12,595;0,908;0,903;0,630;92,95;90,82;296,35
12,600;0,918;0,908;0,620;92,65;91,80;296,67
12,605;0,923;0,918;0,586;91,58;92,29;297,31
12,610;0,918;0,918;0,596;91,89;91,80;297,31
12,615;0,928;0,923;0,586;91,58;92,77;297,62
12,620;0,933;0,928;0,571;91,12;93,26;297,94
12,625;0,937;0,933;0,552;90,51;93,75;298,26
12,630;0,942;0,942;0,547;90,36;94,24;298,90
12,635;0,942;0,947;0,527;89,75;94,24;299,21
12,640;0,952;0,952;0,508;89,14;95,21;299,53
12,645;0,957;0,957;0,498;88,84;95,70;299,85
12,650;0,962;0,962;0,479;88,23;96,19;300,17
12,655;0,967;0,972;0,469;87,93;96,68;300,80
12,660;0,962;0,981;0,454;87,47;96,19;301,44
12,665;0,972;0,986;0,439;87,01;97,17;301,76
12,670;0,977;0,991;0,435;86,86;97,66;302,08
12,675;0,981;1,001;0,425;86,55;98,14;302,71
12,680;0,986;1,011;0,410;86,10;98,63;303,35
12,685;0,986;1,016;0,400;85,79;98,63;303,67
12,690;0,986;1,021;0,396;85,64;98,63;303,99
12,695;0,986;1,030;0,396;85,64;98,63;304,62
12,700;0,996;1,035;0,386;85,34;99,61;304,94
12,705;0,996;1,045;0,386;85,34;99,61;305,58
12,710;0,996;1,050;0,371;84,88;99,61;305,89
12,715;1,001;1,055;0,361;84,57;100,10;306,21
12,720;1,001;1,060;0,361;84,57;100,10;306,53
12,725;1,006;1,064;0,356;84,42;100,59;306,85
12,730;1,006;1,069;0,352;84,27;100,59;307,17
12,735;1,006;1,069;0,352;84,27;100,59;307,17
12,740;1,006;1,074;0,342;83,96;100,59;307,49
12,745;1,006;1,074;0,342;83,96;100,59;307,49
12,750;1,016;1,079;0,332;83,66;101,56;307,80
12,755;1,016;1,094;0,327;83,51;101,56;308,76
12,760;1,016;1,084;0,322;83,35;101,56;308,12
12,765;1,016;1,084;0,317;83,20;101,56;308,12
12,770;1,016;1,084;0,312;83,05;101,56;308,12
12,775;1,021;1,094;0,308;82,90;102,05;308,76
12,780;1,021;1,084;0,303;82,75;102,05;308,12
12,785;1,025;1,094;0,293;82,44;102,54;308,76
12,790;1,025;1,094;0,283;82,14;102,54;308,76
12,795;1,025;1,094;0,283;82,14;102,54;308,76
12,800;1,035;1,094;0,273;81,83;103,52;308,76
12,805;1,035;1,099;0,269;81,68;103,52;309,08
12,810;1,035;1,099;0,244;80,92;103,52;309,08
12,815;1,040;1,099;0,259;81,37;104,00;309,08
12,820;1,040;1,099;0,254;81,22;104,00;309,08
12,825;1,040;1,099;0,244;80,92;104,00;309,08
12,830;1,040;1,104;0,244;80,92;104,00;309,39
12,835;1,040;1,099;0,244;80,92;104,00;309,08
12,840;1,045;1,099;0,249;81,07;104,49;309,08
12,845;1,045;1,099;0,244;80,92;104,49;309,08
12,850;1,045;1,104;0,244;80,92;104,49;309,39
12,855;1,040;1,104;0,244;80,92;104,00;309,39
12,860;1,045;1,104;0,244;80,92;104,49;309,39
12,865;1,040;1,104;0,244;80,92;104,00;309,39
12,870;1,045;1,104;0,244;80,92;104,49;309,39
12,875;1,045;1,104;0,244;80,92;104,49;309,39
12,880;1,035;1,104;0,249;81,07;103,52;309,39
12,885;1,045;1,104;0,249;81,07;104,49;309,39
12,890;1,040;1,104;0,249;81,07;104,00;309,39
12,895;1,040;1,104;0,244;80,92;104,00;309,39
12,900;1,040;1,104;0,244;80,92;104,00;309,39
12,905;1,040;1,104;0,244;80,92;104,00;309,39
12,910;1,040;1,104;0,244;80,92;104,00;309,39
12,915;1,040;1,104;0,244;80,92;104,00;309,39
12,920;1,040;1,104;0,244;80,92;104,00;309,39
12,925;1,040;1,104;0,244;80,92;104,00;309,39
12,930;1,040;1,104;0,249;81,07;104,00;309,39
12,935;1,040;1,104;0,244;80,92;104,00;309,39
12,940;1,035;1,104;0,244;80,92;103,52;309,39
12,945;1,040;1,104;0,244;80,92;104,00;309,39
12,950;1,040;1,104;0,244;80,92;104,00;309,39
12,955;1,040;1,108;0,249;81,07;104,00;309,71
12,960;1,040;1,104;0,244;80,92;104,00;309,39
12,965;1,035;1,099;0,249;81,07;103,52;309,08
12,970;1,040;1,099;0,244;80,92;104,00;309,08
12,975;1,040;1,099;0,244;80,92;104,00;309,08
12,980;1,040;1,099;0,244;80,92;104,00;309,08
12,985;1,040;1,094;0,244;80,92;104,00;308,76
12,990;1,035;1,099;0,249;81,07;103,52;309,08
12,995;1,030;1,099;0,244;80,92;103,03;309,08
13,000;1,040;1,099;0,244;80,92;104,00;309,08
13,005;1,035;1,099;0,249;81,07;103,52;309,08
13,010;1,035;1,099;0,249;81,07;103,52;309,08
13,015;1,035;1,099;0,249;81,07;103,52;309,08
13,020;1,040;1,099;0,244;80,92;104,00;309,08
13,025;1,040;1,099;0,244;80,92;104,00;309,08
13,030;1,040;1,099;0,249;81,07;104,00;309,08
13,035;1,040;1,099;0,244;80,92;104,00;309,08
13,040;1,035;1,099;0,249;81,07;103,52;309,08
13,045;1,040;1,099;0,249;81,07;104,00;309,08
13,050;1,035;1,099;0,244;80,92;103,52;309,08
13,055;1,040;1,094;0,244;80,92;104,00;308,76
13,060;1,040;1,094;0,244;80,92;104,00;308,76
13,065;1,035;1,094;0,244;80,92;103,52;308,76
13,070;1,035;1,094;0,244;80,92;103,52;308,76
13,075;1,035;1,094;0,249;81,07;103,52;308,76
13,080;1,040;1,094;0,244;80,92;104,00;308,76
13,085;1,035;1,094;0,244;80,92;103,52;308,76
13,090;1,030;1,094;0,249;81,07;103,03;308,76
13,095;1,035;1,094;0,244;80,92;103,52;308,76
13,100;1,035;1,094;0,249;81,07;103,52;308,76
13,105;1,035;1,094;0,244;80,92;103,52;308,76
13,110;1,035;1,094;0,244;80,92;103,52;308,76
13,115;1,035;1,094;0,244;80,92;103,52;308,76
13,120;1,035;1,089;0,244;80,92;103,52;308,44
13,125;1,035;1,089;0,244;80,92;103,52;308,44
13,130;1,035;1,084;0,249;81,07;103,52;308,12
13,135;1,035;1,084;0,244;80,92;103,52;308,12
13,140;1,035;1,084;0,244;80,92;103,52;308,12
13,145;1,035;1,084;0,244;80,92;103,52;308,12
13,150;1,035;1,084;0,249;81,07;103,52;308,12
13,155;1,035;1,084;0,244;80,92;103,52;308,12
13,160;1,035;1,084;0,249;81,07;103,52;308,12
13,165;1,035;1,084;0,249;81,07;103,52;308,12
13,170;1,035;1,084;0,244;80,92;103,52;308,12
13,175;1,035;1,079;0,244;80,92;103,52;307,80
13,180;1,035;1,079;0,244;80,92;103,52;307,80
13,185;1,035;1,079;0,249;81,07;103,52;307,80
13,190;1,035;1,079;0,249;81,07;103,52;307,80
13,195;1,030;1,079;0,244;80,92;103,03;307,80
13,200;1,030;1,079;0,244;80,92;103,03;307,80
13,205;1,030;1,074;0,244;80,92;103,03;307,49
13,210;1,035;1,079;0,249;81,07;103,52;307,80
13,215;1,035;1,079;0,244;80,92;103,52;307,80
13,220;1,035;1,079;0,244;80,92;103,52;307,80
13,225;1,025;1,074;0,244;80,92;102,54;307,49
13,230;1,035;1,079;0,244;80,92;103,52;307,80
13,235;1,035;1,074;0,244;80,92;103,52;307,49
13,240;1,035;1,074;0,249;81,07;103,52;307,49
13,245;1,035;1,079;0,244;80,92;103,52;307,80
13,250;1,030;1,074;0,244;80,92;103,03;307,49
13,255;1,035;1,074;0,244;80,92;103,52;307,49
13,260;1,030;1,074;0,244;80,92;103,03;307,49
13,265;1,035;1,074;0,249;81,07;103,52;307,49
13,270;1,035;1,074;0,249;81,07;103,52;307,49
13,275;1,035;1,074;0,249;81,07;103,52;307,49
13,280;1,035;1,074;0,244;80,92;103,52;307,49
13,285;1,025;1,074;0,234;80,61;102,54;307,49
13,290;1,025;1,074;0,244;80,92;102,54;307,49
13,295;1,030;1,074;0,234;80,61;103,03;307,49
13,300;1,035;1,069;0,244;80,92;103,52;307,17
13,305;1,030;1,074;0,244;80,92;103,03;307,49
13,310;1,030;1,074;0,249;81,07;103,03;307,49
13,315;1,030;1,074;0,244;80,92;103,03;307,49
13,320;1,030;1,069;0,249;81,07;103,03;307,17
13,325;1,030;1,074;0,244;80,92;103,03;307,49
13,330;1,035;1,074;0,249;81,07;103,52;307,49
13,335;1,030;1,069;0,249;81,07;103,03;307,17
13,340;1,035;1,069;0,244;80,92;103,52;307,17
13,345;1,030;1,074;0,244;80,92;103,03;307,49
13,350;1,030;1,069;0,244;80,92;103,03;307,17
13,355;1,030;1,064;0,244;80,92;103,03;306,85
13,360;1,025;1,069;0,244;80,92;102,54;307,17
13,365;1,035;1,069;0,244;80,92;103,52;307,17
13,370;1,030;1,074;0,244;80,92;103,03;307,49
13,375;1,030;1,069;0,244;80,92;103,03;307,17
13,380;1,030;1,074;0,244;80,92;103,03;307,49
13,385;1,030;1,069;0,249;81,07;103,03;307,17
13,390;1,030;1,060;0,244;80,92;103,03;306,53
13,395;1,030;1,069;0,264;81,53;103,03;307,17
13,400;1,035;1,074;0,244;80,92;103,52;307,49
13,405;1,030;1,069;0,239;80,76;103,03;307,17
13,410;1,025;1,069;0,254;81,22;102,54;307,17
13,415;1,030;1,069;0,254;81,22;103,03;307,17
13,420;1,030;1,069;0,259;81,37;103,03;307,17
13,425;1,030;1,069;0,244;80,92;103,03;307,17
13,430;1,030;1,074;0,244;80,92;103,03;307,49
13,435;1,035;1,069;0,249;81,07;103,52;307,17
13,440;1,030;1,069;0,244;80,92;103,03;307,17
13,445;1,025;1,069;0,249;81,07;102,54;307,17
13,450;1,030;1,069;0,244;80,92;103,03;307,17
13,455;1,030;1,064;0,244;80,92;103,03;306,85
13,460;1,025;1,069;0,244;80,92;102,54;307,17
13,465;1,025;1,069;0,244;80,92;102,54;307,17
13,470;1,025;1,069;0,249;81,07;102,54;307,17
13,475;1,030;1,064;0,244;80,92;103,03;306,85
13,480;1,030;1,069;0,244;80,92;103,03;307,17
13,485;1,025;1,069;0,249;81,07;102,54;307,17
13,490;1,025;1,069;0,244;80,92;102,54;307,17
13,495;1,025;1,064;0,249;81,07;102,54;306,85
13,500;1,030;1,064;0,244;80,92;103,03;306,85
13,505;1,030;1,064;0,249;81,07;103,03;306,85
13,510;1,025;1,064;0,244;80,92;102,54;306,85
13,515;1,030;1,064;0,244;80,92;103,03;306,85
13,520;1,025;1,064;0,249;81,07;102,54;306,85
13,525;1,025;1,064;0,244;80,92;102,54;306,85
13,530;1,025;1,064;0,244;80,92;102,54;306,85
13,535;1,025;1,064;0,249;81,07;102,54;306,85
13,540;1,030;1,064;0,244;80,92;103,03;306,85
13,545;1,025;1,060;0,249;81,07;102,54;306,53
13,550;1,025;1,060;0,249;81,07;102,54;306,53
13,555;1,025;1,060;0,244;80,92;102,54;306,53
13,560;1,025;1,060;0,244;80,92;102,54;306,53
13,565;1,030;1,060;0,244;80,92;103,03;306,53
13,570;1,025;1,060;0,249;81,07;102,54;306,53
13,575;1,025;1,055;0,249;81,07;102,54;306,21
13,580;1,025;1,060;0,249;81,07;102,54;306,53
13,585;1,025;1,055;0,249;81,07;102,54;306,21
13,590;1,025;1,060;0,244;80,92;102,54;306,53
13,595;1,025;1,060;0,249;81,07;102,54;306,53
13,600;1,025;1,060;0,244;80,92;102,54;306,53
13,605;1,025;1,055;0,259;81,37;102,54;306,21
13,610;1,025;1,055;0,244;80,92;102,54;306,21
13,615;1,035;1,055;0,244;80,92;103,52;306,21
13,620;1,025;1,055;0,244;80,92;102,54;306,21
13,625;1,025;1,055;0,249;81,07;102,54;306,21
13,630;1,025;1,055;0,244;80,92;102,54;306,21
13,635;1,021;1,055;0,244;80,92;102,05;306,21
13,640;1,025;1,055;0,244;80,92;102,54;306,21
13,645;1,025;1,055;0,249;81,07;102,54;306,21
13,650;1,025;1,055;0,244;80,92;102,54;306,21
13,655;1,025;1,055;0,249;81,07;102,54;306,21
13,660;1,021;1,055;0,249;81,07;102,05;306,21
13,665;1,025;1,055;0,244;80,92;102,54;306,21
13,670;1,021;1,055;0,249;81,07;102,05;306,21
13,675;1,030;1,050;0,244;80,92;103,03;305,89
13,680;1,025;1,055;0,249;81,07;102,54;306,21
13,685;1,021;1,055;0,244;80,92;102,05;306,21
13,690;1,025;1,050;0,244;80,92;102,54;305,89
13,695;1,025;1,055;0,249;81,07;102,54;306,21
13,700;1,025;1,050;0,244;80,92;102,54;305,89
13,705;1,025;1,050;0,244;80,92;102,54;305,89
13,710;1,021;1,050;0,244;80,92;102,05;305,89
13,715;1,030;1,050;0,244;80,92;103,03;305,89
13,720;1,021;1,050;0,249;81,07;102,05;305,89
13,725;1,025;1,050;0,244;80,92;102,54;305,89
13,730;1,025;1,050;0,244;80,92;102,54;305,89
13,735;1,021;1,045;0,244;80,92;102,05;305,58
13,740;1,025;1,050;0,244;80,92;102,54;305,89
13,745;1,025;1,050;0,244;80,92;102,54;305,89
13,750;1,025;1,045;0,244;80,92;102,54;305,58
13,755;1,025;1,050;0,244;80,92;102,54;305,89
13,760;1,025;1,045;0,244;80,92;102,54;305,58
13,765;1,025;1,050;0,244;80,92;102,54;305,89
13,770;1,021;1,045;0,244;80,92;102,05;305,58
13,775;1,025;1,045;0,244;80,92;102,54;305,58
13,780;1,025;1,045;0,249;81,07;102,54;305,58
13,785;1,025;1,045;0,249;81,07;102,54;305,58
13,790;1,025;1,045;0,244;80,92;102,54;305,58
13,795;1,025;1,045;0,249;81,07;102,54;305,58
13,800;1,025;1,045;0,244;80,92;102,54;305,58
13,805;1,021;1,045;0,244;80,92;102,05;305,58
13,810;1,025;1,040;0,244;80,92;102,54;305,26
13,815;1,025;1,045;0,244;80,92;102,54;305,58
13,820;1,021;1,045;0,244;80,92;102,05;305,58
13,825;1,025;1,040;0,244;80,92;102,54;305,26
13,830;1,021;1,040;0,249;81,07;102,05;305,26
13,835;1,021;1,040;0,244;80,92;102,05;305,26
13,840;1,025;1,040;0,244;80,92;102,54;305,26
13,845;1,021;1,040;0,249;81,07;102,05;305,26
13,850;1,021;1,040;0,244;80,92;102,05;305,26
13,855;1,025;1,050;0,249;81,07;102,54;305,89
13,860;1,025;1,040;0,244;80,92;102,54;305,26
13,865;1,025;1,040;0,244;80,92;102,54;305,26
13,870;1,021;1,040;0,249;81,07;102,05;305,26
13,875;1,021;1,040;0,244;80,92;102,05;305,26
13,880;1,021;1,040;0,249;81,07;102,05;305,26
13,885;1,025;1,040;0,254;81,22;102,54;305,26
13,890;1,021;1,040;0,249;81,07;102,05;305,26
13,895;1,021;1,035;0,269;81,68;102,05;304,94
13,900;1,025;1,035;0,244;80,92;102,54;304,94
13,905;1,021;1,035;0,254;81,22;102,05;304,94
13,910;1,025;1,035;0,244;80,92;102,54;304,94
13,915;1,025;1,035;0,244;80,92;102,54;304,94
13,920;1,021;1,035;0,249;81,07;102,05;304,94
13,925;1,016;1,035;0,244;80,92;101,56;304,94
13,930;1,021;1,035;0,249;81,07;102,05;304,94
13,935;1,021;1,035;0,249;81,07;102,05;304,94
13,940;1,021;1,035;0,249;81,07;102,05;304,94
13,945;1,021;1,035;0,249;81,07;102,05;304,94
13,950;1,021;1,035;0,244;80,92;102,05;304,94
13,955;1,021;1,035;0,249;81,07;102,05;304,94
13,960;1,021;1,030;0,244;80,92;102,05;304,62
13,965;1,021;1,025;0,244;80,92;102,05;304,30
13,970;1,021;1,030;0,249;81,07;102,05;304,62
13,975;1,025;1,030;0,244;80,92;102,54;304,62
13,980;1,021;1,030;0,244;80,92;102,05;304,62
13,985;1,021;1,030;0,249;81,07;102,05;304,62
13,990;1,021;1,030;0,249;81,07;102,05;304,62
13,995;1,021;1,030;0,244;80,92;102,05;304,62
14,000;1,021;1,030;0,244;80,92;102,05;304,62
14,005;1,021;1,030;0,259;81,37;102,05;304,62
14,010;1,025;1,030;0,244;80,92;102,54;304,62
14,015;1,021;1,030;0,273;81,83;102,05;304,62
14,020;1,021;1,030;0,249;81,07;102,05;304,62
14,025;1,021;1,030;0,244;80,92;102,05;304,62
14,030;1,021;1,030;0,244;80,92;102,05;304,62
14,035;1,021;1,030;0,249;81,07;102,05;304,62
14,040;1,021;1,030;0,264;81,53;102,05;304,62
14,045;1,021;1,030;0,249;81,07;102,05;304,62
14,050;1,021;1,030;0,244;80,92;102,05;304,62
14,055;1,021;1,025;0,244;80,92;102,05;304,30
14,060;1,021;1,030;0,244;80,92;102,05;304,62
14,065;1,021;1,030;0,249;81,07;102,05;304,62
14,070;1,021;1,025;0,244;80,92;102,05;304,30
14,075;1,021;1,025;0,244;80,92;102,05;304,30
14,080;1,021;1,030;0,244;80,92;102,05;304,62
14,085;1,021;1,025;0,244;80,92;102,05;304,30
14,090;1,021;1,025;0,244;80,92;102,05;304,30
14,095;1,016;1,025;0,249;81,07;101,56;304,30
14,100;1,021;1,025;0,244;80,92;102,05;304,30
14,105;1,021;1,025;0,244;80,92;102,05;304,30
14,110;1,021;1,025;0,244;80,92;102,05;304,30
14,115;1,021;1,025;0,249;81,07;102,05;304,30
14,120;1,021;1,025;0,249;81,07;102,05;304,30
14,125;1,021;1,021;0,244;80,92;102,05;303,99
14,130;1,021;1,021;0,249;81,07;102,05;303,99
14,135;1,021;1,021;0,249;81,07;102,05;303,99
14,140;1,025;1,025;0,244;80,92;102,54;304,30
14,145;1,016;1,021;0,244;80,92;101,56;303,99
14,150;1,021;1,021;0,244;80,92;102,05;303,99
14,155;1,021;1,025;0,244;80,92;102,05;304,30
14,160;1,021;1,021;0,244;80,92;102,05;303,99
14,165;1,021;1,021;0,244;80,92;102,05;303,99
14,170;1,021;1,021;0,244;80,92;102,05;303,99
14,175;1,021;1,021;0,244;80,92;102,05;303,99
14,180;1,021;1,021;0,244;80,92;102,05;303,99
14,185;1,021;1,021;0,249;81,07;102,05;303,99
14,190;1,021;1,021;0,244;80,92;102,05;303,99
14,195;1,016;1,021;0,273;81,83;101,56;303,99
14,200;1,021;1,021;0,244;80,92;102,05;303,99
14,205;1,016;1,021;0,249;81,07;101,56;303,99
14,210;1,016;1,021;0,244;80,92;101,56;303,99
14,215;1,021;1,021;0,244;80,92;102,05;303,99
14,220;1,016;1,016;0,249;81,07;101,56;303,67
14,225;1,021;1,025;0,244;80,92;102,05;304,30
14,230;1,016;1,021;0,244;80,92;101,56;303,99
14,235;1,021;1,025;0,244;80,92;102,05;304,30
14,240;1,021;1,021;0,244;80,92;102,05;303,99
14,245;1,016;1,016;0,244;80,92;101,56;303,67
14,250;1,021;1,021;0,244;80,92;102,05;303,99
14,255;1,021;1,016;0,249;81,07;102,05;303,67
14,260;1,021;1,016;0,244;80,92;102,05;303,67
14,265;1,021;1,016;0,249;81,07;102,05;303,67
14,270;1,021;1,016;0,249;81,07;102,05;303,67
14,275;1,025;1,016;0,244;80,92;102,54;303,67
14,280;1,021;1,016;0,249;81,07;102,05;303,67
14,285;1,021;1,016;0,244;80,92;102,05;303,67
14,290;1,021;1,016;0,244;80,92;102,05;303,67
14,295;1,016;1,016;0,244;80,92;101,56;303,67
14,300;1,021;1,016;0,244;80,92;102,05;303,67
14,305;1,016;1,016;0,249;81,07;101,56;303,67
14,310;1,021;1,016;0,244;80,92;102,05;303,67
14,315;1,021;1,016;0,244;80,92;102,05;303,67
14,320;1,016;1,016;0,244;80,92;101,56;303,67
14,325;1,021;1,016;0,244;80,92;102,05;303,67
14,330;1,021;1,016;0,244;80,92;102,05;303,67
14,335;1,021;1,016;0,249;81,07;102,05;303,67
14,340;1,021;1,016;0,244;80,92;102,05;303,67
14,345;1,016;1,016;0,244;80,92;101,56;303,67
14,350;1,021;1,016;0,244;80,92;102,05;303,67
14,355;1,021;1,016;0,249;81,07;102,05;303,67
14,360;1,021;1,016;0,244;80,92;102,05;303,67
14,365;1,016;1,016;0,244;80,92;101,56;303,67
14,370;1,016;1,016;0,249;81,07;101,56;303,67
14,375;1,021;1,016;0,244;80,92;102,05;303,67
14,380;1,016;1,016;0,249;81,07;101,56;303,67
14,385;1,021;1,016;0,244;80,92;102,05;303,67
14,390;1,021;1,016;0,244;80,92;102,05;303,67
14,395;1,021;1,016;0,244;80,92;102,05;303,67
14,400;1,021;1,011;0,244;80,92;102,05;303,35
14,405;1,021;1,016;0,249;81,07;102,05;303,67
14,410;1,016;1,016;0,249;81,07;101,56;303,67
14,415;1,030;1,011;0,244;80,92;103,03;303,35
14,420;1,016;1,016;0,244;80,92;101,56;303,67
14,425;1,016;1,016;0,249;81,07;101,56;303,67
14,430;1,016;1,016;0,249;81,07;101,56;303,67
14,435;1,021;1,016;0,244;80,92;102,05;303,67
14,440;1,021;1,016;0,244;80,92;102,05;303,67
14,445;1,016;1,016;0,249;81,07;101,56;303,67
14,450;1,021;1,011;0,244;80,92;102,05;303,35
14,455;1,021;1,016;0,244;80,92;102,05;303,67
14,460;1,016;1,011;0,244;80,92;101,56;303,35
14,465;1,021;1,001;0,244;80,92;102,05;302,71
14,470;1,016;1,011;0,244;80,92;101,56;303,35
14,475;1,016;1,021;0,244;80,92;101,56;303,99
14,480;1,021;1,011;0,244;80,92;102,05;303,35
14,485;1,016;1,011;0,244;80,92;101,56;303,35
14,490;1,021;1,011;0,249;81,07;102,05;303,35
14,495;1,016;1,011;0,244;80,92;101,56;303,35
14,500;1,016;1,006;0,244;80,92;101,56;303,03
14,505;1,016;1,011;0,244;80,92;101,56;303,35
14,510;1,016;1,011;0,244;80,92;101,56;303,35
14,515;1,021;1,006;0,239;80,76;102,05;303,03
14,520;1,016;1,006;0,244;80,92;101,56;303,03
14,525;1,021;1,006;0,244;80,92;102,05;303,03
14,530;1,016;1,006;0,249;81,07;101,56;303,03
14,535;1,021;1,006;0,249;81,07;102,05;303,03
14,540;1,021;1,011;0,244;80,92;102,05;303,35
14,545;1,016;1,006;0,249;81,07;101,56;303,03
14,550;1,016;1,006;0,244;80,92;101,56;303,03
14,555;1,016;1,006;0,249;81,07;101,56;303,03
14,560;1,016;1,006;0,244;80,92;101,56;303,03
14,565;1,021;1,011;0,244;80,92;102,05;303,35
14,570;1,016;1,001;0,249;81,07;101,56;302,71
14,575;1,016;1,001;0,249;81,07;101,56;302,71
14,580;1,021;1,006;0,249;81,07;102,05;303,03
14,585;1,016;1,006;0,249;81,07;101,56;303,03
14,590;1,021;1,006;0,244;80,92;102,05;303,03
14,595;1,016;1,006;0,244;80,92;101,56;303,03
14,600;1,021;1,006;0,244;80,92;102,05;303,03
14,605;1,021;1,006;0,244;80,92;102,05;303,03
14,610;1,016;1,006;0,249;81,07;101,56;303,03
14,615;1,016;1,001;0,220;80,16;101,56;302,71
14,620;1,016;1,006;0,249;81,07;101,56;303,03
14,625;1,021;1,006;0,254;81,22;102,05;303,03
14,630;1,016;1,006;0,244;80,92;101,56;303,03
14,635;1,016;1,001;0,249;81,07;101,56;302,71
14,640;1,016;1,001;0,254;81,22;101,56;302,71
14,645;1,016;1,001;0,249;81,07;101,56;302,71
14,650;1,021;1,006;0,254;81,22;102,05;303,03
14,655;1,016;1,001;0,244;80,92;101,56;302,71
14,660;1,016;1,006;0,244;80,92;101,56;303,03
14,665;1,021;1,001;0,244;80,92;102,05;302,71
14,670;1,016;1,001;0,244;80,92;101,56;302,71
14,675;1,016;1,001;0,244;80,92;101,56;302,71
14,680;1,021;1,006;0,244;80,92;102,05;303,03
14,685;1,016;1,001;0,244;80,92;101,56;302,71
14,690;1,016;1,001;0,244;80,92;101,56;302,71
14,695;1,016;1,001;0,244;80,92;101,56;302,71
14,700;1,016;1,001;0,249;81,07;101,56;302,71
14,705;1,016;1,001;0,244;80,92;101,56;302,71
14,710;1,016;1,001;0,249;81,07;101,56;302,71
14,715;1,016;1,001;0,244;80,92;101,56;302,71
14,720;1,016;1,001;0,249;81,07;101,56;302,71
14,725;1,021;1,001;0,249;81,07;102,05;302,71
14,730;1,016;1,001;0,244;80,92;101,56;302,71
14,735;1,016;1,001;0,244;80,92;101,56;302,71
14,740;1,016;1,001;0,244;80,92;101,56;302,71
14,745;1,016;1,001;0,244;80,92;101,56;302,71
14,750;1,016;1,001;0,244;80,92;101,56;302,71
14,755;1,016;1,001;0,244;80,92;101,56;302,71
14,760;1,016;0,996;0,249;81,07;101,56;302,40
14,765;1,016;1,001;0,244;80,92;101,56;302,71
14,770;1,016;1,001;0,249;81,07;101,56;302,71
14,775;1,016;0,996;0,244;80,92;101,56;302,40
14,780;1,016;1,001;0,244;80,92;101,56;302,71
14,785;1,016;1,001;0,244;80,92;101,56;302,71
14,790;1,016;0,996;0,244;80,92;101,56;302,40
14,795;1,016;1,001;0,249;81,07;101,56;302,71
14,800;1,016;1,001;0,244;80,92;101,56;302,71
14,805;1,016;1,001;0,244;80,92;101,56;302,71
14,810;1,016;1,001;0,244;80,92;101,56;302,71
14,815;1,016;0,996;0,244;80,92;101,56;302,40
14,820;1,016;1,001;0,249;81,07;101,56;302,71
14,825;1,016;0,996;0,249;81,07;101,56;302,40
14,830;1,016;1,001;0,244;80,92;101,56;302,71
14,835;1,016;1,001;0,244;80,92;101,56;302,71
14,840;1,016;0,996;0,244;80,92;101,56;302,40
14,845;1,016;0,996;0,220;80,16;101,56;302,40
14,850;1,016;0,996;0,249;81,07;101,56;302,40
14,855;1,016;0,996;0,244;80,92;101,56;302,40
14,860;1,016;0,996;0,249;81,07;101,56;302,40
14,865;1,016;0,996;0,244;80,92;101,56;302,40
14,870;1,016;0,996;0,249;81,07;101,56;302,40
14,875;1,016;0,996;0,249;81,07;101,56;302,40
14,880;1,016;0,996;0,244;80,92;101,56;302,40
14,885;1,016;0,996;0,244;80,92;101,56;302,40
14,890;1,016;0,996;0,244;80,92;101,56;302,40
14,895;1,021;0,996;0,244;80,92;102,05;302,40
14,900;1,016;0,996;0,244;80,92;101,56;302,40
14,905;1,016;0,996;0,249;81,07;101,56;302,40
14,910;1,016;0,996;0,244;80,92;101,56;302,40
14,915;1,016;0,996;0,249;81,07;101,56;302,40
14,920;1,016;0,996;0,244;80,92;101,56;302,40
14,925;1,016;0,996;0,244;80,92;101,56;302,40
14,930;1,016;0,996;0,244;80,92;101,56;302,40
14,935;1,016;0,996;0,244;80,92;101,56;302,40
14,940;1,016;0,996;0,244;80,92;101,56;302,40
14,945;1,016;0,991;0,249;81,07;101,56;302,08
14,950;1,016;0,996;0,249;81,07;101,56;302,40
14,955;1,016;0,996;0,244;80,92;101,56;302,40
14,960;1,016;0,996;0,249;81,07;101,56;302,40
14,965;1,016;0,991;0,249;81,07;101,56;302,08
14,970;1,016;0,991;0,249;81,07;101,56;302,08
14,975;1,016;0,996;0,244;80,92;101,56;302,40
14,980;1,016;0,991;0,244;80,92;101,56;302,08
14,985;1,016;0,996;0,249;81,07;101,56;302,40
14,990;1,016;0,991;0,249;81,07;101,56;302,08
14,995;1,016;0,991;0,249;81,07;101,56;302,08
15,000;1,016;0,996;0,249;81,07;101,56;302,40
15,005;1,016;0,991;0,244;80,92;101,56;302,08
15,010;1,016;0,996;0,249;81,07;101,56;302,40
15,015;1,006;0,991;0,244;80,92;100,59;302,08
15,020;1,016;0,991;0,244;80,92;101,56;302,08
15,025;1,021;0,991;0,249;81,07;102,05;302,08
15,030;1,016;0,991;0,244;80,92;101,56;302,08
15,035;1,016;0,996;0,244;80,92;101,56;302,40
15,040;1,016;0,991;0,244;80,92;101,56;302,08
15,045;1,016;0,991;0,249;81,07;101,56;302,08
15,050;1,016;0,996;0,244;80,92;101,56;302,40
15,055;1,016;0,991;0,244;80,92;101,56;302,08
15,060;1,016;0,991;0,244;80,92;101,56;302,08
15,065;1,016;0,991;0,244;80,92;101,56;302,08
15,070;1,016;0,991;0,249;81,07;101,56;302,08
15,075;1,016;0,981;0,249;81,07;101,56;301,44
15,080;1,016;0,991;0,244;80,92;101,56;302,08
15,085;1,016;0,996;0,244;80,92;101,56;302,40
15,090;1,016;0,991;0,244;80,92;101,56;302,08
15,095;1,016;0,991;0,244;80,92;101,56;302,08
15,100;1,016;0,991;0,244;80,92;101,56;302,08
15,105;1,016;0,991;0,254;81,22;101,56;302,08
15,110;1,016;0,991;0,244;80,92;101,56;302,08
15,115;1,016;0,991;0,254;81,22;101,56;302,08
15,120;1,016;0,991;0,244;80,92;101,56;302,08
15,125;1,021;0,991;0,249;81,07;102,05;302,08
15,130;1,016;0,991;0,244;80,92;101,56;302,08
15,135;1,021;0,991;0,249;81,07;102,05;302,08
15,140;1,016;0,991;0,244;80,92;101,56;302,08
15,145;1,016;0,991;0,244;80,92;101,56;302,08
15,150;1,016;0,991;0,244;80,92;101,56;302,08
15,155;1,016;0,991;0,249;81,07;101,56;302,08
15,160;1,016;0,991;0,244;80,92;101,56;302,08
15,165;1,016;0,986;0,244;80,92;101,56;301,76
15,170;1,016;0,986;0,244;80,92;101,56;301,76
15,175;1,016;0,991;0,249;81,07;101,56;302,08
15,180;1,016;0,986;0,249;81,07;101,56;301,76
15,185;1,016;0,981;0,244;80,92;101,56;301,44
15,190;1,016;0,991;0,244;80,92;101,56;302,08
15,195;1,016;0,991;0,244;80,92;101,56;302,08
15,200;1,016;0,986;0,249;81,07;101,56;301,76
15,205;1,016;0,991;0,249;81,07;101,56;302,08
15,210;1,016;0,986;0,244;80,92;101,56;301,76
15,215;1,016;0,986;0,239;80,76;101,56;301,76
15,220;1,016;0,986;0,234;80,61;101,56;301,76
15,225;1,016;0,986;0,229;80,46;101,56;301,76
15,230;1,016;0,986;0,244;80,92;101,56;301,76
15,235;1,016;0,986;0,244;80,92;101,56;301,76
15,240;1,016;0,986;0,234;80,61;101,56;301,76
15,245;1,016;0,986;0,244;80,92;101,56;301,76
15,250;1,016;0,986;0,249;81,07;101,56;301,76
